year,country,degree_centrality,in_degree_centrality,out_degree_centrality,betweenness_centrality,closeness_centrality,eigenvector_centrality,pagerank,network_density,network_clustering,total_exports,total_imports,trade_balance,gdp_growth,degree_centrality_lag1,betweenness_centrality_lag1,pagerank_lag1,total_exports_lag1,total_imports_lag1,trade_balance_lag1,population_growth,primary_sector_share
2011,AUS,2.0,1.0,1.0,0.0,1.0,0.22360679774997896,0.044900246600828,1.0,1.0,723.2748431273865,367.0852912986913,356.1895518286952,2.993044686997106,2.0,0.0,0.06658612795114632,555.302987914849,798.0850242899933,-242.78203637514423,0.4743108190098317,0.05421886093568383
2012,AUS,2.0,1.0,1.0,0.0,1.0,0.22360679774997896,0.03299907261490222,1.0,1.0,335.7793972394752,365.4123574103129,-29.63296017083769,5.681652195665347,2.0,0.0,0.044900246600828,723.2748431273865,367.0852912986913,356.1895518286952,1.0992036339750757,0.2362066734335029
2013,AUS,2.0,1.0,1.0,0.0,1.0,0.22360679774997896,0.026398668860716304,1.0,1.0,338.6397326684758,223.44879422390318,115.19093844457262,0.548436949757594,2.0,0.0,0.03299907261490222,335.7793972394752,365.4123574103129,-29.63296017083769,0.8848935494155976,0.21152472537513892
2014,AUS,2.0,1.0,1.0,0.0,1.0,0.22360679774997896,0.04548871166637117,1.0,1.0,227.9224885497268,543.0072051316528,-315.08471658192593,3.488007763063255,2.0,0.0,0.026398668860716304,338.6397326684758,223.44879422390318,115.19093844457262,0.34811158582457247,0.21459261278518674
2015,AUS,2.0,1.0,1.0,0.0,1.0,0.22360679774997896,0.02916336657805884,1.0,1.0,359.8049278755658,247.78819235661075,112.01673551895504,2.5730965952644023,2.0,0.0,0.04548871166637117,227.9224885497268,543.0072051316528,-315.08471658192593,0.6264199244094392,0.0485022922825072
2016,AUS,2.0,1.0,1.0,0.0,1.0,0.22360679774997896,0.04165993794952354,1.0,1.0,304.2261134471002,455.2475081000543,-151.0213946529541,4.8195745425092635,2.0,0.0,0.02916336657805884,359.8049278755658,247.78819235661075,112.01673551895504,1.2954309611291452,0.15719198661859948
2017,AUS,2.0,1.0,1.0,0.0,1.0,0.22360679774997896,0.024199481756411276,1.0,1.0,1695.3302040362428,150.3494763995186,1544.9807276367242,4.539025927031888,2.0,0.0,0.04165993794952354,304.2261134471002,455.2475081000543,-151.0213946529541,0.07199622698207786,0.023770270601464215
2018,AUS,2.0,1.0,1.0,0.0,1.0,0.22360679774997896,0.04007996403871563,1.0,1.0,1168.3624538924837,402.9043269484613,765.4581269440224,0.2056343554410472,2.0,0.0,0.024199481756411276,1695.3302040362428,150.3494763995186,1544.9807276367242,0.6713262113431469,0.18587240419163956
2019,AUS,2.0,1.0,1.0,0.0,1.0,0.22360679774997896,0.04808564545436624,1.0,1.0,380.75313219452556,586.9853103516782,-206.23217815715265,3.875485215430505,2.0,0.0,0.04007996403871563,1168.3624538924837,402.9043269484613,765.4581269440224,1.1797808776116603,0.02177962824895791
2020,AUS,2.0,1.0,1.0,0.0,1.0,0.22360679774997896,0.07220429535353465,1.0,1.0,429.9530995517226,818.7064095679732,-388.7533100162506,-0.9613337308717176,2.0,0.0,0.04808564545436624,380.75313219452556,586.9853103516782,-206.23217815715265,0.5399778793204695,0.039509123812403735
2021,AUS,2.0,1.0,1.0,0.0,1.0,0.22360679774997896,0.0751593314437138,1.0,1.0,398.1237737002573,2259.971848002974,-1861.848074302717,5.100003905088791,2.0,0.0,0.07220429535353465,429.9530995517226,818.7064095679732,-388.7533100162506,0.5963341545133838,0.07186463440350543
2022,AUS,2.0,1.0,1.0,0.0,1.0,0.22360679774997896,0.03613820973043736,1.0,1.0,1236.881336578817,384.4676231473381,852.4137134314788,1.6522118827377512,2.0,0.0,0.0751593314437138,398.1237737002573,2259.971848002974,-1861.848074302717,0.7715873093189327,0.22127864279084167
2011,BRA,2.0,1.0,1.0,0.0,1.0,0.22360679774997896,0.0357450676869193,1.0,1.0,622.1466052827237,521.0063512675376,101.14025401518609,4.325883319478787,2.0,0.0,0.03787459052999953,301.56624062881724,458.9265223377899,-157.36028170897265,1.2474168878372864,0.10362255313715107
2012,BRA,2.0,1.0,1.0,0.0,1.0,0.22360679774997896,0.05590342567234372,1.0,1.0,882.9078276208157,594.9098430358945,287.99798458492126,1.472783285862128,2.0,0.0,0.0357450676869193,622.1466052827237,521.0063512675376,101.14025401518609,0.6083294009946048,0.14419078509888844
2013,BRA,2.0,1.0,1.0,0.0,1.0,0.22360679774997896,0.03564485515464548,1.0,1.0,231.92999342231303,327.3121321837136,-95.38213876140054,1.5858439701545572,2.0,0.0,0.05590342567234372,882.9078276208157,594.9098430358945,287.99798458492126,0.6668054121061804,0.15066373917836504
2014,BRA,2.0,1.0,1.0,0.0,1.0,0.22360679774997896,0.05420275567914145,1.0,1.0,466.67649459930755,962.5981715222656,-495.92167692295806,3.163191173705836,2.0,0.0,0.03564485515464548,231.92999342231303,327.3121321837136,-95.38213876140054,0.6696946173144449,0.07185657287037078
2015,BRA,2.0,1.0,1.0,0.0,1.0,0.22360679774997896,0.09238998225853104,1.0,1.0,385.69226655781233,759.5678102984058,-373.87554374059346,2.2547868991874616,2.0,0.0,0.05420275567914145,466.67649459930755,962.5981715222656,-495.92167692295806,1.4617790248176368,0.15159375663642607
2016,BRA,2.0,1.0,1.0,0.0,1.0,0.22360679774997896,0.06150166247750469,1.0,1.0,286.12459281477055,515.7928576539754,-229.66826483920482,0.07567482920910426,2.0,0.0,0.09238998225853104,385.69226655781233,759.5678102984058,-373.87554374059346,1.456035826692136,0.17201891285680873
2017,BRA,2.0,1.0,1.0,0.0,1.0,0.22360679774997896,0.05618127382121155,1.0,1.0,126.74456261637353,568.1064332594044,-441.3618706430309,2.8276503503693746,2.0,0.0,0.06150166247750469,286.12459281477055,515.7928576539754,-229.66826483920482,1.101216169363663,0.08859644046298579
2018,BRA,2.0,1.0,1.0,0.0,1.0,0.22360679774997896,0.05829113293246585,1.0,1.0,390.9935876445638,590.4105749437674,-199.41698729920364,3.918562385675985,2.0,0.0,0.05618127382121155,126.74456261637353,568.1064332594044,-441.3618706430309,0.9158559197524568,0.11628417756540597
2019,BRA,2.0,1.0,1.0,0.0,1.0,0.22360679774997896,0.05615046459348377,1.0,1.0,602.4318442461506,482.30842546241126,120.12341878373934,5.499569417400919,2.0,0.0,0.05829113293246585,390.9935876445638,590.4105749437674,-199.41698729920364,1.0212105727688727,0.12421045264560991
2020,BRA,2.0,1.0,1.0,0.0,1.0,0.22360679774997896,0.047450189927469695,1.0,1.0,362.2044055739567,492.79895726491606,-130.59455169095935,-0.750015518587166,2.0,0.0,0.05615046459348377,602.4318442461506,482.30842546241126,120.12341878373934,1.2472196084452398,0.23444065215467877
2021,BRA,2.0,1.0,1.0,0.0,1.0,0.22360679774997896,0.048052093901655185,1.0,1.0,499.9768021508398,478.93499240831545,21.041809742524322,2.3081771563101667,2.0,0.0,0.047450189927469695,362.2044055739567,492.79895726491606,-130.59455169095935,0.5192498394792826,0.15512356192028556
2022,BRA,2.0,1.0,1.0,0.0,1.0,0.22360679774997896,0.07058902993453108,1.0,1.0,513.2123439575074,873.1189605320423,-359.90661657453484,4.946359129009883,2.0,0.0,0.048052093901655185,499.9768021508398,478.93499240831545,21.041809742524322,1.152748713434631,0.23809804547217248
2011,CAN,2.0,1.0,1.0,0.0,1.0,0.22360679774997896,0.07255862366611025,1.0,1.0,545.4869211341742,658.2584639386113,-112.7715428044371,0.9484100024106777,2.0,0.0,0.03869631024677357,460.1443158856363,488.62600309937386,-28.481687213737587,0.42383579967529633,0.14788799336598377
2012,CAN,2.0,1.0,1.0,0.0,1.0,0.22360679774997896,0.04212299598195459,1.0,1.0,447.5364018649616,379.14577639329394,68.39062547166765,2.8224969972508305,2.0,0.0,0.07255862366611025,545.4869211341742,658.2584639386113,-112.7715428044371,0.6086745492639769,0.13512912679529326
2013,CAN,2.0,1.0,1.0,0.0,1.0,0.22360679774997896,0.07851169961623157,1.0,1.0,349.1586397875091,1438.138103154397,-1088.9794633668878,1.0285016066339416,2.0,0.0,0.04212299598195459,447.5364018649616,379.14577639329394,68.39062547166765,1.0721315587400904,0.02081240852223712
2014,CAN,2.0,1.0,1.0,0.0,1.0,0.22360679774997896,0.03849852655337347,1.0,1.0,822.2966342181331,339.73469840225084,482.5619358158823,2.7555630609640556,2.0,0.0,0.07851169961623157,349.1586397875091,1438.138103154397,-1088.9794633668878,0.3713957899322094,0.1306044800912413
2015,CAN,2.0,1.0,1.0,0.0,1.0,0.22360679774997896,0.03304979649212612,1.0,1.0,411.8999725639537,345.3902026875655,66.50976987638825,1.0697165961716395,2.0,0.0,0.03849852655337347,822.2966342181331,339.73469840225084,482.5619358158823,0.7579793839434003,0.2333146496694099
2016,CAN,2.0,1.0,1.0,0.0,1.0,0.22360679774997896,0.04962861001595141,1.0,1.0,386.6863263875174,428.189561759458,-41.503235371940605,3.9880658840943,2.0,0.0,0.03304979649212612,411.8999725639537,345.3902026875655,66.50976987638825,0.5414735312420944,0.0656241084761454
2017,CAN,2.0,1.0,1.0,0.0,1.0,0.22360679774997896,0.025583878102946225,1.0,1.0,242.0368013413765,163.75794495373302,78.27885638764349,3.7415896694128588,2.0,0.0,0.04962861001595141,386.6863263875174,428.189561759458,-41.503235371940605,0.723314188840821,0.03198096090958474
2018,CAN,2.0,1.0,1.0,0.0,1.0,0.22360679774997896,0.04359312595693272,1.0,1.0,414.50745524288305,502.6653163024863,-88.15786105960325,0.9653384523153344,2.0,0.0,0.025583878102946225,242.0368013413765,163.75794495373302,78.27885638764349,-0.03957673163821729,0.11355914549898977
2019,CAN,2.0,1.0,1.0,0.0,1.0,0.22360679774997896,0.04736110717794685,1.0,1.0,434.3677052787763,437.20261193384107,-2.834906655064742,3.6634835568025226,2.0,0.0,0.04359312595693272,414.50745524288305,502.6653163024863,-88.15786105960325,0.26854006864704594,0.10565119053664578
2020,CAN,2.0,1.0,1.0,0.0,1.0,0.22360679774997896,0.027158216553299468,1.0,1.0,699.2047008907197,210.5203928243581,488.68430806636155,1.7424025975766426,2.0,0.0,0.04736110717794685,434.3677052787763,437.20261193384107,-2.834906655064742,0.5900368296206249,0.21714520331038603
2021,CAN,2.0,1.0,1.0,0.0,1.0,0.22360679774997896,0.07790472203444081,1.0,1.0,667.7686664829497,931.4722739879489,-263.70360750499924,2.621833298858476,2.0,0.0,0.027158216553299468,699.2047008907197,210.5203928243581,488.68430806636155,1.0782387295275748,0.026120556578790696
2022,CAN,2.0,1.0,1.0,0.0,1.0,0.22360679774997896,0.034644580999017426,1.0,1.0,436.8839159542288,356.165173729191,80.71874222503783,0.6870291650852327,2.0,0.0,0.07790472203444081,667.7686664829497,931.4722739879489,-263.70360750499924,0.7479092951629354,0.23163432284457114
2011,CHE,2.0,1.0,1.0,0.0,1.0,0.22360679774997896,0.06445882445754755,1.0,1.0,584.7443257562603,763.111018863422,-178.36669310716172,1.4413704904229858,2.0,0.0,0.06487423755436088,343.15524028395095,926.5348627914673,-583.3796225075164,0.8008537747690434,0.17660768976883998
2012,CHE,2.0,1.0,1.0,0.0,1.0,0.22360679774997896,0.05996835832691641,1.0,1.0,627.9200081176135,648.7086461930119,-20.788638075398353,3.8398141315785628,2.0,0.0,0.06445882445754755,584.7443257562603,763.111018863422,-178.36669310716172,1.0064668133306856,0.22797197863477006
2013,CHE,2.0,1.0,1.0,0.0,1.0,0.22360679774997896,0.03878422827250934,1.0,1.0,186.0382315763516,385.2836524225861,-199.2454208462345,0.3100108367861758,2.0,0.0,0.05996835832691641,627.9200081176135,648.7086461930119,-20.788638075398353,0.5361390970972845,0.15973168628874693
2014,CHE,2.0,1.0,1.0,0.0,1.0,0.22360679774997896,0.022130119183095487,1.0,1.0,457.8327454122734,208.45553842948536,249.37720698278807,1.6444219883198128,2.0,0.0,0.03878422827250934,186.0382315763516,385.2836524225861,-199.2454208462345,0.8850881971421873,0.2067492618603086
2015,CHE,2.0,1.0,1.0,0.0,1.0,0.22360679774997896,0.03807583984590727,1.0,1.0,356.26986800922305,344.0056403541393,12.264227655083744,1.1630503032862851,2.0,0.0,0.022130119183095487,457.8327454122734,208.45553842948536,249.37720698278807,0.5583900445803154,0.09717509091403582
2016,CHE,2.0,1.0,1.0,0.0,1.0,0.22360679774997896,0.036543089291194014,1.0,1.0,526.2842958844311,259.8538074473414,266.4304884370897,1.8891090484265003,2.0,0.0,0.03807583984590727,356.26986800922305,344.0056403541393,12.264227655083744,0.2816991517638179,0.10040023244633875
2017,CHE,2.0,1.0,1.0,0.0,1.0,0.22360679774997896,0.0369891149045543,1.0,1.0,285.2619810407662,268.3168694737811,16.945111566985133,2.347206612422358,2.0,0.0,0.036543089291194014,526.2842958844311,259.8538074473414,266.4304884370897,0.6827300618734697,0.10967107297550725
2018,CHE,2.0,1.0,1.0,0.0,1.0,0.22360679774997896,0.03344310813130489,1.0,1.0,382.6325353825272,302.60040383058055,80.03213155194663,2.135908557441437,2.0,0.0,0.0369891149045543,285.2619810407662,268.3168694737811,16.945111566985133,0.9721417587215173,0.19360332876174013
2019,CHE,2.0,1.0,1.0,0.0,1.0,0.22360679774997896,0.05027224411473979,1.0,1.0,463.6673915592125,741.0227288213885,-277.35533726217596,2.099535125713112,2.0,0.0,0.03344310813130489,382.6325353825272,302.60040383058055,80.03213155194663,0.9015767152999405,0.104936970118589
2020,CHE,2.0,1.0,1.0,0.0,1.0,0.22360679774997896,0.05059445883570473,1.0,1.0,332.535922409281,531.8050751272837,-199.26915271800266,-3.7106213579293508,2.0,0.0,0.05027224411473979,463.6673915592125,741.0227288213885,-277.35533726217596,0.7964508516563541,0.07571055549322148
2021,CHE,2.0,1.0,1.0,0.0,1.0,0.22360679774997896,0.02555047523672039,1.0,1.0,281.8020403872491,262.7127252788079,19.089315108441212,8.078108668400144,2.0,0.0,0.05059445883570473,332.535922409281,531.8050751272837,-199.26915271800266,1.5177095797813178,0.23566372206183703
2022,CHE,2.0,1.0,1.0,0.0,1.0,0.22360679774997896,0.049483396976718774,1.0,1.0,569.0909259821647,547.8867036306151,21.20422235154956,2.2744145951553754,2.0,0.0,0.02555047523672039,281.8020403872491,262.7127252788079,19.089315108441212,0.9238736480926337,0.22884254924249922
2011,CHN,2.0,1.0,1.0,0.0,1.0,0.22360679774997896,0.06738530422818782,1.0,1.0,914.7329785324339,679.5327911717222,235.20018736071165,7.236196467740853,2.0,0.0,0.07402172685037035,1532.7089759189626,1187.3032271974403,345.4057487215223,1.0936208017812041,0.10022338270000795
2012,CHN,2.0,1.0,1.0,0.0,1.0,0.22360679774997896,0.06033682790325436,1.0,1.0,1653.8267708219744,662.8923165206018,990.9344543013726,9.56136000163018,2.0,0.0,0.06738530422818782,914.7329785324339,679.5327911717222,235.20018736071165,1.4714430015493858,0.1659667561593509
2013,CHN,2.0,1.0,1.0,0.0,1.0,0.22360679774997896,0.07026292016691124,1.0,1.0,940.8404567253646,1258.3441914961088,-317.50373477074424,9.183636147566466,2.0,0.0,0.06033682790325436,1653.8267708219744,662.8923165206018,990.9344543013726,0.41177440305162544,0.08298370868020744
2014,CHN,2.0,1.0,1.0,0.0,1.0,0.22360679774997896,0.04326025454602803,1.0,1.0,1130.0984828208047,480.0761392515901,650.0223435692146,8.991688673005592,2.0,0.0,0.07026292016691124,940.8404567253646,1258.3441914961088,-317.50373477074424,0.48836353693851403,0.06740647960412088
2015,CHN,2.0,1.0,1.0,0.0,1.0,0.22360679774997896,0.03054747494913289,1.0,1.0,954.3801558924628,255.54605269427185,698.8341031981909,9.440717480373385,2.0,0.0,0.04326025454602803,1130.0984828208047,480.0761392515901,650.0223435692146,1.3231136675368793,0.09735809166926272
2016,CHN,2.0,1.0,1.0,0.0,1.0,0.22360679774997896,0.12455014203362454,1.0,1.0,693.0736656079351,1551.9625987311217,-858.8889331231866,8.517207476721723,2.0,0.0,0.03054747494913289,954.3801558924628,255.54605269427185,698.8341031981909,0.5605811794276813,0.09523297530156528
2017,CHN,2.0,1.0,1.0,0.0,1.0,0.22360679774997896,0.0995136323715966,1.0,1.0,1190.0631658265038,1423.2901954897611,-233.22702966325733,9.507680574569973,2.0,0.0,0.12455014203362454,693.0736656079351,1551.9625987311217,-858.8889331231866,0.8089049690909991,0.22292350327522173
2018,CHN,2.0,1.0,1.0,0.0,1.0,0.22360679774997896,0.08866980889970938,1.0,1.0,561.4003819385498,1220.0368612405878,-658.636479302038,6.900385157855429,2.0,0.0,0.0995136323715966,1190.0631658265038,1423.2901954897611,-233.22702966325733,1.1207947908273046,0.20912987738645683
2019,CHN,2.0,1.0,1.0,0.0,1.0,0.22360679774997896,0.04433602673817872,1.0,1.0,505.96512426757,620.0185060741021,-114.05338180653212,7.4573732939443955,2.0,0.0,0.08866980889970938,561.4003819385498,1220.0368612405878,-658.636479302038,1.0672119173879513,0.1832133425685925
2020,CHN,2.0,1.0,1.0,0.0,1.0,0.22360679774997896,0.06550350868048982,1.0,1.0,1606.2524395867351,1139.6090669177038,466.64337266903135,4.554846143342017,2.0,0.0,0.04433602673817872,505.96512426757,620.0185060741021,-114.05338180653212,1.3264658545943329,0.24064940180954628
2021,CHN,2.0,1.0,1.0,0.0,1.0,0.22360679774997896,0.07679532992188103,1.0,1.0,1855.0110411408834,971.8761385798074,883.134902561076,5.354276830183791,2.0,0.0,0.06550350868048982,1606.2524395867351,1139.6090669177038,466.64337266903135,1.2486932411100409,0.11718497121485338
2022,CHN,2.0,1.0,1.0,0.0,1.0,0.22360679774997896,0.05662692656814449,1.0,1.0,1206.145033830438,897.835985867836,308.309047962602,5.151369610373807,2.0,0.0,0.07679532992188103,1855.0110411408834,971.8761385798074,883.134902561076,1.1208178009117211,0.07635759886780555
2011,DEU,2.0,1.0,1.0,0.0,1.0,0.22360679774997896,0.07256622012959506,1.0,1.0,1819.2159779284693,779.6837553556611,1039.5322225728082,-0.6337362480695534,2.0,0.0,0.04026918544946783,1405.936313511328,320.2936671518509,1085.642646359477,0.5681873857258426,0.047001640554042524
2012,DEU,2.0,1.0,1.0,0.0,1.0,0.22360679774997896,0.08346988448157558,1.0,1.0,562.2793881543562,1107.386230804347,-545.1068426499908,0.43673248258485775,2.0,0.0,0.07256622012959506,1819.2159779284693,779.6837553556611,1039.5322225728082,1.0384588003379656,0.08924227238627597
2013,DEU,2.0,1.0,1.0,0.0,1.0,0.22360679774997896,0.048584730244174514,1.0,1.0,478.1377040569742,575.654328923787,-97.51662486681283,3.337422328443399,2.0,0.0,0.08346988448157558,562.2793881543562,1107.386230804347,-545.1068426499908,0.8942815983520601,0.053410658813204365
2014,DEU,2.0,1.0,1.0,0.0,1.0,0.22360679774997896,0.10036957013803924,1.0,1.0,642.9848635865511,1143.0256074954668,-500.0407439089157,3.3688984719474324,2.0,0.0,0.048584730244174514,478.1377040569742,575.654328923787,-97.51662486681283,0.4021203620178633,0.04120280239472511
2015,DEU,2.0,1.0,1.0,0.0,1.0,0.22360679774997896,0.10265309237045664,1.0,1.0,514.4388782511581,1400.2649491769434,-885.8260709257853,-0.5478515639101731,2.0,0.0,0.10036957013803924,642.9848635865511,1143.0256074954668,-500.0407439089157,1.2251897139430556,0.15867440524259233
2016,DEU,2.0,1.0,1.0,0.0,1.0,0.22360679774997896,0.07405798019689126,1.0,1.0,868.6432742172011,754.8791751414644,113.76409907573668,-0.10079498133594869,2.0,0.0,0.10265309237045664,514.4388782511581,1400.2649491769434,-885.8260709257853,1.04217096037357,0.1037631134439828
2017,DEU,2.0,1.0,1.0,0.0,1.0,0.22360679774997896,0.07199649541919007,1.0,1.0,1093.5032832177303,786.0503876372944,307.4528955804359,4.41392372212765,2.0,0.0,0.07405798019689126,868.6432742172011,754.8791751414644,113.76409907573668,0.8136470241893292,0.14985117879711302
2018,DEU,2.0,1.0,1.0,0.0,1.0,0.22360679774997896,0.07942939586890481,1.0,1.0,595.2294298389166,883.6746967088029,-288.44526686988627,-0.07328265608587259,2.0,0.0,0.07199649541919007,1093.5032832177303,786.0503876372944,307.4528955804359,0.730072381704676,0.06400721576572801
2019,DEU,2.0,1.0,1.0,0.0,1.0,0.22360679774997896,0.03652878390286425,1.0,1.0,1141.838447517845,393.373479742664,748.464967775181,2.7148498460009183,2.0,0.0,0.07942939586890481,595.2294298389166,883.6746967088029,-288.44526686988627,0.440509656589764,0.17568834772013495
2020,DEU,2.0,1.0,1.0,0.0,1.0,0.22360679774997896,0.07455129260345289,1.0,1.0,1881.8958987203837,1409.065291302585,472.8306074177988,-1.2522482748713668,2.0,0.0,0.03652878390286425,1141.838447517845,393.373479742664,748.464967775181,0.8598572220675899,0.06956625287340175
2021,DEU,2.0,1.0,1.0,0.0,1.0,0.22360679774997896,0.06980727253938541,1.0,1.0,646.4477438463422,759.18548257579,-112.73773872944787,1.1781320236577395,2.0,0.0,0.07455129260345289,1881.8958987203837,1409.065291302585,472.8306074177988,0.9405317358336933,0.0839454265611283
2022,DEU,2.0,1.0,1.0,0.0,1.0,0.22360679774997896,0.05605707267778238,1.0,1.0,1135.705521663819,999.3518931854743,136.3536284783446,0.23879776919424284,2.0,0.0,0.06980727253938541,646.4477438463422,759.18548257579,-112.73773872944787,0.5506535047270162,0.19060489709332165
2011,ESP,2.0,1.0,1.0,0.0,1.0,0.22360679774997896,0.033803821123719914,1.0,1.0,429.3458992341609,361.3014274171263,68.0444718170346,3.1256607421625437,2.0,0.0,0.02461541473972262,151.19257716062685,286.88113065347807,-135.6885534928512,1.148661214729859,0.14873971599828373
2012,ESP,2.0,1.0,1.0,0.0,1.0,0.22360679774997896,0.02816657033814577,1.0,1.0,631.8044113058726,290.96801308900876,340.8363982168638,1.3792866895453477,2.0,0.0,0.033803821123719914,429.3458992341609,361.3014274171263,68.0444718170346,0.4708390860550898,0.09701237495941444
2013,ESP,2.0,1.0,1.0,0.0,1.0,0.22360679774997896,0.0392184106106484,1.0,1.0,276.38507341025536,414.0356376027456,-137.65056419249026,2.124371052905828,2.0,0.0,0.02816657033814577,631.8044113058726,290.96801308900876,340.8363982168638,0.16306989498726754,0.14488741998539453
2014,ESP,2.0,1.0,1.0,0.0,1.0,0.22360679774997896,0.026736969374582628,1.0,1.0,372.05937051869313,240.23183863888167,131.82753187981146,1.3790059702388513,2.0,0.0,0.0392184106106484,276.38507341025536,414.0356376027456,-137.65056419249026,1.1119181272678103,0.17961648165739577
2015,ESP,2.0,1.0,1.0,0.0,1.0,0.22360679774997896,0.052222165834133215,1.0,1.0,190.46829139312496,504.1564116864452,-313.68812029332025,1.1187873804060597,2.0,0.0,0.026736969374582628,372.05937051869313,240.23183863888167,131.82753187981146,0.6789901885693678,0.22979038793985468
2016,ESP,2.0,1.0,1.0,0.0,1.0,0.22360679774997896,0.02760857539555541,1.0,1.0,212.6000857347508,220.38228375715534,-7.782198022404543,0.7468128183208047,2.0,0.0,0.052222165834133215,190.46829139312496,504.1564116864452,-313.68812029332025,0.7621911244060955,0.15356403908072438
2017,ESP,2.0,1.0,1.0,0.0,1.0,0.22360679774997896,0.026650015804466354,1.0,1.0,460.37377081994043,277.75174196308495,182.62202885685548,1.5038458240464125,2.0,0.0,0.02760857539555541,212.6000857347508,220.38228375715534,-7.782198022404543,0.548744983152484,0.07351786714536261
2018,ESP,2.0,1.0,1.0,0.0,1.0,0.22360679774997896,0.05035438072764066,1.0,1.0,843.0200047681213,446.9937371676797,396.02626760044166,0.8630575227798067,2.0,0.0,0.026650015804466354,460.37377081994043,277.75174196308495,182.62202885685548,0.31821117178477926,0.1917404550785942
2019,ESP,2.0,1.0,1.0,0.0,1.0,0.22360679774997896,0.024257332553305644,1.0,1.0,345.22007022182476,188.70665294396298,156.51341727786178,0.40641914361231546,2.0,0.0,0.05035438072764066,843.0200047681213,446.9937371676797,396.02626760044166,1.1765712124172656,0.19888687403758273
2020,ESP,2.0,1.0,1.0,0.0,1.0,0.22360679774997896,0.10144249770248147,1.0,1.0,255.6774297545473,1284.159481955402,-1028.4820522008547,0.83669548191007,2.0,0.0,0.024257332553305644,345.22007022182476,188.70665294396298,156.51341727786178,0.5933393048459236,0.06609230244141043
2021,ESP,2.0,1.0,1.0,0.0,1.0,0.22360679774997896,0.03471601218484139,1.0,1.0,499.8626910248517,371.35017711676664,128.51251390808505,2.2210231256971436,2.0,0.0,0.10144249770248147,255.6774297545473,1284.159481955402,-1028.4820522008547,1.2982857464443818,0.20873207052591378
2022,ESP,2.0,1.0,1.0,0.0,1.0,0.22360679774997896,0.03749582994592795,1.0,1.0,1218.363322884808,227.35594263826982,991.0073802465381,0.3778985311878508,2.0,0.0,0.03471601218484139,499.8626910248517,371.35017711676664,128.51251390808505,1.0421924558632187,0.1269350165862501
2011,FRA,2.0,1.0,1.0,0.0,1.0,0.22360679774997896,0.03543961059621379,1.0,1.0,254.87323565566552,434.1662355451296,-179.29299988946408,1.8706012699672976,2.0,0.0,0.03774078743435375,678.33728957537,349.3858411455993,328.9514484297708,0.7055725559847621,0.1993463322804574
2012,FRA,2.0,1.0,1.0,0.0,1.0,0.22360679774997896,0.04265499386939065,1.0,1.0,770.0913818221296,369.5161993040823,400.5751825180473,1.9362098211819274,2.0,0.0,0.03543961059621379,254.87323565566552,434.1662355451296,-179.29299988946408,0.4742292796619401,0.07461999059730116
2013,FRA,2.0,1.0,1.0,0.0,1.0,0.22360679774997896,0.030194330083824827,1.0,1.0,421.7827556561422,353.78575318721465,67.99700246892758,-0.8054262541573911,2.0,0.0,0.04265499386939065,770.0913818221296,369.5161993040823,400.5751825180473,0.580261403983863,0.09649346203506558
2014,FRA,2.0,1.0,1.0,0.0,1.0,0.22360679774997896,0.03212323174078273,1.0,1.0,882.1919013276561,227.60378774286198,654.5881135847941,-0.07901472992791642,2.0,0.0,0.030194330083824827,421.7827556561422,353.78575318721465,67.99700246892758,0.4362430606714492,0.23935033743708015
2015,FRA,2.0,1.0,1.0,0.0,1.0,0.22360679774997896,0.031378495972354196,1.0,1.0,705.3018782006457,416.8653516157345,288.4365265849112,2.69700545809393,2.0,0.0,0.03212323174078273,882.1919013276561,227.60378774286198,654.5881135847941,1.4261340078764557,0.17129746682445515
2016,FRA,2.0,1.0,1.0,0.0,1.0,0.22360679774997896,0.02664267535560135,1.0,1.0,301.13401668340686,563.9422977618021,-262.8082810783953,-0.11596734738613484,2.0,0.0,0.031378495972354196,705.3018782006457,416.8653516157345,288.4365265849112,0.8493323690689475,0.19776190101535462
2017,FRA,2.0,1.0,1.0,0.0,1.0,0.22360679774997896,0.030598236599506376,1.0,1.0,475.8964629280573,206.15194292012936,269.7445200079279,1.0399163440664374,2.0,0.0,0.02664267535560135,301.13401668340686,563.9422977618021,-262.8082810783953,1.1450616627639896,0.1783260989407447
2018,FRA,2.0,1.0,1.0,0.0,1.0,0.22360679774997896,0.04337987332703789,1.0,1.0,303.3005616456346,338.9556292863444,-35.655067640709774,1.2124535292838785,2.0,0.0,0.030598236599506376,475.8964629280573,206.15194292012936,269.7445200079279,0.4197943852969318,0.06698994710513953
2019,FRA,2.0,1.0,1.0,0.0,1.0,0.22360679774997896,0.03193173383786685,1.0,1.0,230.84818245390943,340.0225603084043,-109.17437785449488,1.6861647487620488,2.0,0.0,0.04337987332703789,303.3005616456346,338.9556292863444,-35.655067640709774,0.8543105388791012,0.1282584121427048
2020,FRA,2.0,1.0,1.0,0.0,1.0,0.22360679774997896,0.05009838291760416,1.0,1.0,706.555540391934,532.4428918801608,174.11264851177316,-1.5572197747045347,2.0,0.0,0.03193173383786685,230.84818245390943,340.0225603084043,-109.17437785449488,1.1533585816425735,0.20606169072371056
2021,FRA,2.0,1.0,1.0,0.0,1.0,0.22360679774997896,0.045162213776418825,1.0,1.0,241.1432695693356,418.28706086071736,-177.14379129138177,2.8835525143408614,2.0,0.0,0.05009838291760416,706.555540391934,532.4428918801608,174.11264851177316,0.6994967714200953,0.1752580791891555
2022,FRA,2.0,1.0,1.0,0.0,1.0,0.22360679774997896,0.03474145592339115,1.0,1.0,190.10852727917703,200.9444884233942,-10.83596114421718,1.9320242796920817,2.0,0.0,0.045162213776418825,241.1432695693356,418.28706086071736,-177.14379129138177,1.1093343376765228,0.021386413700258525
2011,GBR,2.0,1.0,1.0,0.0,1.0,0.22360679774997896,0.03232035719381081,1.0,1.0,421.1263159238626,290.6687465106269,130.45756941323572,1.9865153877438722,2.0,0.0,0.047716410644535655,484.730652145548,442.8164155777713,41.9142365677767,0.4746296263982701,0.040103780810149245
2012,GBR,2.0,1.0,1.0,0.0,1.0,0.22360679774997896,0.037052633449673134,1.0,1.0,339.3268368819489,377.33058378363296,-38.00374690168405,1.3593399242834485,2.0,0.0,0.03232035719381081,421.1263159238626,290.6687465106269,130.45756941323572,0.39095853661442476,0.09976278564911867
2013,GBR,2.0,1.0,1.0,0.0,1.0,0.22360679774997896,0.026502758693374512,1.0,1.0,511.87395568980435,230.10561172838985,281.76834396141453,1.9984343513966023,2.0,0.0,0.037052633449673134,339.3268368819489,377.33058378363296,-38.00374690168405,0.9138201836234409,0.23720407411227573
2014,GBR,2.0,1.0,1.0,0.0,1.0,0.22360679774997896,0.05649627925668533,1.0,1.0,214.2674160013831,634.9300854970444,-420.66266949566125,1.4057969766884473,2.0,0.0,0.026502758693374512,511.87395568980435,230.10561172838985,281.76834396141453,0.6862470696282343,0.1329738106241542
2015,GBR,2.0,1.0,1.0,0.0,1.0,0.22360679774997896,0.04429391999859912,1.0,1.0,303.36998359386814,540.5224749246017,-237.1524913307336,3.9283909766554883,2.0,0.0,0.05649627925668533,214.2674160013831,634.9300854970444,-420.66266949566125,0.9926164067815495,0.08214054150897676
2016,GBR,2.0,1.0,1.0,0.0,1.0,0.22360679774997896,0.04325592059581692,1.0,1.0,758.3818364736586,303.95008469040636,454.43175178325225,4.769675873709932,2.0,0.0,0.04429391999859912,303.36998359386814,540.5224749246017,-237.1524913307336,0.20663362054386536,0.10289745547435328
2017,GBR,2.0,1.0,1.0,0.0,1.0,0.22360679774997896,0.05102369290185927,1.0,1.0,946.2598189536654,379.50209764095547,566.7577213127099,2.2346779456563706,2.0,0.0,0.04325592059581692,758.3818364736586,303.95008469040636,454.43175178325225,1.0136793906411554,0.06845010433743455
2018,GBR,2.0,1.0,1.0,0.0,1.0,0.22360679774997896,0.037634186015012165,1.0,1.0,441.92867247503534,353.7954078273938,88.13326464764157,3.1246833783575165,2.0,0.0,0.05102369290185927,946.2598189536654,379.50209764095547,566.7577213127099,1.5794911781807945,0.11687601314910291
2019,GBR,2.0,1.0,1.0,0.0,1.0,0.22360679774997896,0.04583143463927178,1.0,1.0,237.50373453189778,326.73055306203617,-89.22681853013839,1.9146112126666077,2.0,0.0,0.037634186015012165,441.92867247503534,353.7954078273938,88.13326464764157,0.7926122055705559,0.07014815109637916
2020,GBR,2.0,1.0,1.0,0.0,1.0,0.22360679774997896,0.057939429511355146,1.0,1.0,371.641376069845,488.52831811790867,-116.88694204806364,-0.3051177183734026,2.0,0.0,0.04583143463927178,237.50373453189778,326.73055306203617,-89.22681853013839,0.8102426386729525,0.21452307667967338
2021,GBR,2.0,1.0,1.0,0.0,1.0,0.22360679774997896,0.05626765633805514,1.0,1.0,2426.020011049737,574.7990658795748,1851.2209451701624,1.699592863050484,2.0,0.0,0.057939429511355146,371.641376069845,488.52831811790867,-116.88694204806364,0.8538648453916038,0.12494223777955947
2022,GBR,2.0,1.0,1.0,0.0,1.0,0.22360679774997896,0.0739908828547183,1.0,1.0,219.7368465020484,895.057409933375,-675.3205634313266,4.795204379693683,2.0,0.0,0.05626765633805514,2426.020011049737,574.7990658795748,1851.2209451701624,0.24140728676246392,0.08435446424022716
2011,IDN,2.0,1.0,1.0,0.0,1.0,0.22360679774997896,0.044175883661953706,1.0,1.0,531.2594836030717,355.6615625079392,175.59792109513245,6.203504378202411,2.0,0.0,0.042573514475356074,453.42324094402824,470.74494066521726,-17.32169972118902,0.927843991907093,0.23456507907254076
2012,IDN,2.0,1.0,1.0,0.0,1.0,0.22360679774997896,0.06203610997798391,1.0,1.0,401.1403967712077,868.0399440987004,-466.8995473274927,2.313889014416673,2.0,0.0,0.044175883661953706,531.2594836030717,355.6615625079392,175.59792109513245,0.31837707679521066,0.09230081133471527
2013,IDN,2.0,1.0,1.0,0.0,1.0,0.22360679774997896,0.058509007569474074,1.0,1.0,262.19977671645626,756.859486006017,-494.6597092895608,5.679673738367908,2.0,0.0,0.06203610997798391,401.1403967712077,868.0399440987004,-466.8995473274927,0.6716961205628588,0.22923437226996776
2014,IDN,2.0,1.0,1.0,0.0,1.0,0.22360679774997896,0.03371898582917475,1.0,1.0,192.19102576158534,334.6297967290141,-142.43877096742878,4.78714721019651,2.0,0.0,0.058509007569474074,262.19977671645626,756.859486006017,-494.6597092895608,1.1728608648811212,0.029986160923163724
2015,IDN,2.0,1.0,1.0,0.0,1.0,0.22360679774997896,0.0514432855320775,1.0,1.0,411.4159191067144,537.1443656231645,-125.7284465164501,4.169387629298887,2.0,0.0,0.03371898582917475,192.19102576158534,334.6297967290141,-142.43877096742878,0.5794349131699771,0.1826364638615655
2016,IDN,2.0,1.0,1.0,0.0,1.0,0.22360679774997896,0.06445824333305115,1.0,1.0,520.4275261829714,569.1289771005306,-48.701450917559214,6.931151288245342,2.0,0.0,0.0514432855320775,411.4159191067144,537.1443656231645,-125.7284465164501,0.95037469687022,0.13129447897796406
2017,IDN,2.0,1.0,1.0,0.0,1.0,0.22360679774997896,0.09712089620684618,1.0,1.0,309.9222425568588,1341.1380000951865,-1031.2157575383276,5.203111250755327,2.0,0.0,0.06445824333305115,520.4275261829714,569.1289771005306,-48.701450917559214,1.1038217161869113,0.12217084410543547
2018,IDN,2.0,1.0,1.0,0.0,1.0,0.22360679774997896,0.052517564616694955,1.0,1.0,383.3725591084871,637.8762029196766,-254.50364381118953,6.108968213481873,2.0,0.0,0.09712089620684618,309.9222425568588,1341.1380000951865,-1031.2157575383276,0.8836222568288,0.028354369200955767
2019,IDN,2.0,1.0,1.0,0.0,1.0,0.22360679774997896,0.034321630428498937,1.0,1.0,796.7154894082329,208.89103024596756,587.8244591622654,3.999953744429415,2.0,0.0,0.052517564616694955,383.3725591084871,637.8762029196766,-254.50364381118953,0.38871545897161774,0.02935713381301766
2020,IDN,2.0,1.0,1.0,0.0,1.0,0.22360679774997896,0.04569237186119612,1.0,1.0,608.7069049490639,845.5499453435591,-236.84304039449523,-1.6141199467587626,2.0,0.0,0.034321630428498937,796.7154894082329,208.89103024596756,587.8244591622654,0.7002574173945759,0.09653333192424643
2021,IDN,2.0,1.0,1.0,0.0,1.0,0.22360679774997896,0.06723761498623837,1.0,1.0,708.3232922178825,714.5586438341721,-6.235351616289677,4.636461871904742,2.0,0.0,0.04569237186119612,608.7069049490639,845.5499453435591,-236.84304039449523,1.387823402716486,0.23783749417870964
2022,IDN,2.0,1.0,1.0,0.0,1.0,0.22360679774997896,0.048680331431542864,1.0,1.0,348.34154030635005,325.98801047122106,22.353529835128995,5.590613805835018,2.0,0.0,0.06723761498623837,708.3232922178825,714.5586438341721,-6.235351616289677,0.19248627110075878,0.16206179473637897
2011,IND,2.0,1.0,1.0,0.0,1.0,0.22360679774997896,0.04195934776804643,1.0,1.0,419.19760901793876,409.9504454312038,9.247163586734985,6.025540950232919,2.0,0.0,0.037430442233111934,716.7143924601289,431.8754128488262,284.8389796113027,0.7172641958401474,0.10484121358661319
2012,IND,2.0,1.0,1.0,0.0,1.0,0.22360679774997896,0.04695275797239337,1.0,1.0,234.88551920935112,528.0497366460224,-293.1642174366713,4.550750290094771,2.0,0.0,0.04195934776804643,419.19760901793876,409.9504454312038,9.247163586734985,0.6343675785535677,0.16075471898262828
2013,IND,2.0,1.0,1.0,0.0,1.0,0.22360679774997896,0.07571073984476336,1.0,1.0,1704.2776777250135,792.9471593704213,911.3305183545922,7.533332728190922,2.0,0.0,0.04695275797239337,234.88551920935112,528.0497366460224,-293.1642174366713,0.8362242089291416,0.06741025334560233
2014,IND,2.0,1.0,1.0,0.0,1.0,0.22360679774997896,0.05197116377889627,1.0,1.0,420.09672827154225,801.5958836825685,-381.4991554110262,7.481353754722624,2.0,0.0,0.07571073984476336,1704.2776777250135,792.9471593704213,911.3305183545922,1.0244646851561692,0.05796528185044861
2015,IND,2.0,1.0,1.0,0.0,1.0,0.22360679774997896,0.03559531750818988,1.0,1.0,2167.068455339528,314.01557993995544,1853.0528753995727,9.711808292232739,2.0,0.0,0.05197116377889627,420.09672827154225,801.5958836825685,-381.4991554110262,1.2826072904066161,0.10321797107221244
2016,IND,2.0,1.0,1.0,0.0,1.0,0.22360679774997896,0.05248344604880867,1.0,1.0,600.724962056157,469.8138669853291,130.91109507082786,5.3917466858143355,2.0,0.0,0.03559531750818988,2167.068455339528,314.01557993995544,1853.0528753995727,0.7189302823972527,0.21857127085429928
2017,IND,2.0,1.0,1.0,0.0,1.0,0.22360679774997896,0.04114534487295419,1.0,1.0,484.36746041396646,378.01979020512675,106.3476702088397,5.3884531715578,2.0,0.0,0.05248344604880867,600.724962056157,469.8138669853291,130.91109507082786,1.043702398993046,0.1371623972905515
2018,IND,2.0,1.0,1.0,0.0,1.0,0.22360679774997896,0.034650158551654715,1.0,1.0,836.2740401496442,458.6331481225337,377.64089202711045,5.639775570097926,2.0,0.0,0.04114534487295419,484.36746041396646,378.01979020512675,106.3476702088397,0.9499220434595519,0.08828734869307678
2019,IND,2.0,1.0,1.0,0.0,1.0,0.22360679774997896,0.030430115612786038,1.0,1.0,770.9133281806945,354.91515377160266,415.99817440909186,5.360599443095628,2.0,0.0,0.034650158551654715,836.2740401496442,458.6331481225337,377.64089202711045,0.9423041893615401,0.23855787376590468
2020,IND,2.0,1.0,1.0,0.0,1.0,0.22360679774997896,0.035513592680917555,1.0,1.0,597.4600921114809,382.880723773287,214.5793683381939,8.646462729766185,2.0,0.0,0.030430115612786038,770.9133281806945,354.91515377160266,415.99817440909186,0.6308228205420583,0.20767220062342376
2021,IND,2.0,1.0,1.0,0.0,1.0,0.22360679774997896,0.03964310420036853,1.0,1.0,521.6422178840514,414.9454770154798,106.69674086857162,10.764719475360447,2.0,0.0,0.035513592680917555,597.4600921114809,382.880723773287,214.5793683381939,0.5008035593672299,0.09428400684455804
2022,IND,2.0,1.0,1.0,0.0,1.0,0.22360679774997896,0.03560683835949085,1.0,1.0,229.2807915661532,223.8887593397809,5.392032226372294,8.7620913134385,2.0,0.0,0.03964310420036853,521.6422178840514,414.9454770154798,106.69674086857162,0.46998706621379094,0.24358259640243823
2011,ITA,2.0,1.0,1.0,0.0,1.0,0.22360679774997896,0.08896158733642433,1.0,1.0,431.8454971806754,906.0805712140044,-474.235074033329,-0.03188011380667774,2.0,0.0,0.04645080357238671,362.6129091680674,629.367459386287,-266.7545502182196,0.573068837180263,0.24709075250098989
2012,ITA,2.0,1.0,1.0,0.0,1.0,0.22360679774997896,0.0424738296767595,1.0,1.0,261.02307776032876,547.1269206993201,-286.1038429389913,-0.351378284795359,2.0,0.0,0.08896158733642433,431.8454971806754,906.0805712140044,-474.235074033329,0.896505972759868,0.11399183076152895
2013,ITA,2.0,1.0,1.0,0.0,1.0,0.22360679774997896,0.037830888911060456,1.0,1.0,334.91187345397435,327.6689148311023,7.242958622872038,-0.6513778413986028,2.0,0.0,0.0424738296767595,261.02307776032876,547.1269206993201,-286.1038429389913,1.028284817938499,0.1708623136643492
2014,ITA,2.0,1.0,1.0,0.0,1.0,0.22360679774997896,0.03603568792947954,1.0,1.0,378.0405051005387,546.3065024606619,-168.2659973601232,0.7866930283238369,2.0,0.0,0.037830888911060456,334.91187345397435,327.6689148311023,7.242958622872038,0.8970406543570686,0.11330023564378246
2015,ITA,2.0,1.0,1.0,0.0,1.0,0.22360679774997896,0.048723374995267396,1.0,1.0,736.6011957050379,650.073367825381,86.52782787965691,2.426420020631543,2.0,0.0,0.03603568792947954,378.0405051005387,546.3065024606619,-168.2659973601232,0.6353134711412778,0.07919006432033135
2016,ITA,2.0,1.0,1.0,0.0,1.0,0.22360679774997896,0.040815061772832194,1.0,1.0,222.60663635213226,344.8957464585669,-122.28911010643466,4.292973873684295,2.0,0.0,0.048723374995267396,736.6011957050379,650.073367825381,86.52782787965691,1.3417910329797427,0.0390101154799697
2017,ITA,2.0,1.0,1.0,0.0,1.0,0.22360679774997896,0.03807727425410252,1.0,1.0,132.9196931128929,349.5252156468897,-216.6055225339968,0.17083349368999012,2.0,0.0,0.040815061772832194,222.60663635213226,344.8957464585669,-122.28911010643466,1.2556596870894619,0.08063037960710136
2018,ITA,2.0,1.0,1.0,0.0,1.0,0.22360679774997896,0.043039873791228464,1.0,1.0,532.595448188903,524.1816755177304,8.413772671172637,0.710558323836956,2.0,0.0,0.03807727425410252,132.9196931128929,349.5252156468897,-216.6055225339968,0.6937999661749481,0.08244036630724141
2019,ITA,2.0,1.0,1.0,0.0,1.0,0.22360679774997896,0.04778592940214769,1.0,1.0,881.0824470100615,473.51236091136786,407.57008609869365,3.2644966595181244,2.0,0.0,0.043039873791228464,532.595448188903,524.1816755177304,8.413772671172637,0.5529705782043003,0.1116869883271221
2020,ITA,2.0,1.0,1.0,0.0,1.0,0.22360679774997896,0.03892297170893733,1.0,1.0,645.3831632442703,314.4918345836827,330.89132866058765,-3.2234944342049245,2.0,0.0,0.04778592940214769,881.0824470100615,473.51236091136786,407.57008609869365,0.8390644862473909,0.06252378713582099
2021,ITA,2.0,1.0,1.0,0.0,1.0,0.22360679774997896,0.03915105684139645,1.0,1.0,853.7223568162533,350.7454851454725,502.9768716707808,0.5734341882556067,2.0,0.0,0.03892297170893733,645.3831632442703,314.4918345836827,330.89132866058765,1.1801895935163058,0.23937823276232958
2022,ITA,2.0,1.0,1.0,0.0,1.0,0.22360679774997896,0.04510354526356284,1.0,1.0,637.3479506652603,465.84071874972284,171.5072319155375,0.6576672010729484,2.0,0.0,0.03915105684139645,853.7223568162533,350.7454851454725,502.9768716707808,0.8998294931762352,0.043662373637666244
2011,JPN,2.0,1.0,1.0,0.0,1.0,0.22360679774997896,0.05292291670516645,1.0,1.0,466.26314080615305,518.3740563663781,-52.11091556022507,0.6261785114259935,2.0,0.0,0.08338252697821565,339.77547116765277,1118.5516439754813,-778.7761728078285,0.9669646114730133,0.16379796262192434
2012,JPN,2.0,1.0,1.0,0.0,1.0,0.22360679774997896,0.03984079571778608,1.0,1.0,580.0730097277558,512.3043770376472,67.76863269010857,2.4717285094510166,2.0,0.0,0.05292291670516645,466.26314080615305,518.3740563663781,-52.11091556022507,0.7363759633173124,0.12159039925063075
2013,JPN,2.0,1.0,1.0,0.0,1.0,0.22360679774997896,0.03818435888065202,1.0,1.0,510.8626929238797,410.2216736065819,100.64101931729783,-0.6556938065768642,2.0,0.0,0.03984079571778608,580.0730097277558,512.3043770376472,67.76863269010857,0.9368812685606692,0.11740915126461639
2014,JPN,2.0,1.0,1.0,0.0,1.0,0.22360679774997896,0.03331483479026433,1.0,1.0,583.523480509462,472.53862691055406,110.98485359890799,2.802128134787919,2.0,0.0,0.03818435888065202,510.8626929238797,410.2216736065819,100.64101931729783,1.2633633354368414,0.10555811007258428
2015,JPN,2.0,1.0,1.0,0.0,1.0,0.22360679774997896,0.06933882141440637,1.0,1.0,377.2356477026,752.1598013153273,-374.9241536127273,1.9266886860866523,2.0,0.0,0.03331483479026433,583.523480509462,472.53862691055406,110.98485359890799,0.7280993655566869,0.21971238333966256
2016,JPN,2.0,1.0,1.0,0.0,1.0,0.22360679774997896,0.03677022413238884,1.0,1.0,236.96167293382226,384.30227041213357,-147.3405974783113,0.09158326348645213,2.0,0.0,0.06933882141440637,377.2356477026,752.1598013153273,-374.9241536127273,0.8429923197523618,0.08450970554876625
2017,JPN,2.0,1.0,1.0,0.0,1.0,0.22360679774997896,0.028933799967991114,1.0,1.0,330.1589595797393,261.8659011379092,68.29305844183011,0.948817519391998,2.0,0.0,0.03677022413238884,236.96167293382226,384.30227041213357,-147.3405974783113,0.8761449429648882,0.024732516200533357
2018,JPN,2.0,1.0,1.0,0.0,1.0,0.22360679774997896,0.0805329035749715,1.0,1.0,210.03731629973908,1078.7284388227495,-868.6911225230103,2.9746651184389825,2.0,0.0,0.028933799967991114,330.1589595797393,261.8659011379092,68.29305844183011,0.8851176067313112,0.23116231367059453
2019,JPN,2.0,1.0,1.0,0.0,1.0,0.22360679774997896,0.06934663337401248,1.0,1.0,240.61248298524063,939.3162258557142,-698.7037428704735,1.3399164429501635,2.0,0.0,0.0805329035749715,210.03731629973908,1078.7284388227495,-868.6911225230103,0.37643333717863187,0.21883046384192925
2020,JPN,2.0,1.0,1.0,0.0,1.0,0.22360679774997896,0.029178346092351787,1.0,1.0,360.87897348936684,328.0516419430287,32.827331546338144,-3.743810129095185,2.0,0.0,0.06934663337401248,240.61248298524063,939.3162258557142,-698.7037428704735,0.2369394032378317,0.08368741171058068
2021,JPN,2.0,1.0,1.0,0.0,1.0,0.22360679774997896,0.0728400387333686,1.0,1.0,362.93299871606314,1292.8170669741394,-929.8840682580762,2.079957475981595,2.0,0.0,0.029178346092351787,360.87897348936684,328.0516419430287,32.827331546338144,0.4941034787234483,0.14040213611475424
2022,JPN,2.0,1.0,1.0,0.0,1.0,0.22360679774997896,0.07670514560876913,1.0,1.0,273.018604266774,1044.0275715195987,-771.0089672528247,-0.29432372744810825,2.0,0.0,0.0728400387333686,362.93299871606314,1292.8170669741394,-929.8840682580762,0.8503826886205005,0.04509028537079293
2011,KOR,2.0,1.0,1.0,0.0,1.0,0.22360679774997896,0.041593108107247756,1.0,1.0,153.66643497580358,515.8505147854365,-362.184079809633,1.1816355517667567,2.0,0.0,0.06367923012906365,742.7693841656223,498.43830541844255,244.3310787471798,0.9661568498009634,0.04148822581504742
2012,KOR,2.0,1.0,1.0,0.0,1.0,0.22360679774997896,0.050711580437592364,1.0,1.0,452.28904986428955,385.63260975991744,66.65644010437211,2.4452450444433604,2.0,0.0,0.041593108107247756,153.66643497580358,515.8505147854365,-362.184079809633,0.6407976320679128,0.21261720493975308
2013,KOR,2.0,1.0,1.0,0.0,1.0,0.22360679774997896,0.030187162103590195,1.0,1.0,615.3881584434114,236.04809794059568,379.34006050281573,0.8441653057178501,2.0,0.0,0.050711580437592364,452.28904986428955,385.63260975991744,66.65644010437211,1.213177244860192,0.1143611150409236
2014,KOR,2.0,1.0,1.0,0.0,1.0,0.22360679774997896,0.04912340769340672,1.0,1.0,1116.248294289957,600.2689657057069,515.97932858425,1.7384029774812872,2.0,0.0,0.030187162103590195,615.3881584434114,236.04809794059568,379.34006050281573,0.757047207702144,0.17219480424653064
2015,KOR,2.0,1.0,1.0,0.0,1.0,0.22360679774997896,0.04325768077711845,1.0,1.0,1540.1580976838752,452.33108832530047,1087.8270093585747,3.7455755242048747,2.0,0.0,0.04912340769340672,1116.248294289957,600.2689657057069,515.97932858425,0.8060947994703874,0.23693612844974513
2016,KOR,2.0,1.0,1.0,0.0,1.0,0.22360679774997896,0.03551651350339398,1.0,1.0,399.722499902902,286.9217251335246,112.80077476937737,-1.969217302503896,2.0,0.0,0.04325768077711845,1540.1580976838752,452.33108832530047,1087.8270093585747,0.7418108388342013,0.07638003605913632
2017,KOR,2.0,1.0,1.0,0.0,1.0,0.22360679774997896,0.039249688738158775,1.0,1.0,533.5527749254203,365.459019291418,168.09375563400232,4.504051487314933,2.0,0.0,0.03551651350339398,399.722499902902,286.9217251335246,112.80077476937737,0.8402080378239996,0.023026761196898123
2018,KOR,2.0,1.0,1.0,0.0,1.0,0.22360679774997896,0.027706196689710694,1.0,1.0,1189.139888017795,218.84599500083766,970.2938930169574,3.4153669040517456,2.0,0.0,0.039249688738158775,533.5527749254203,365.459019291418,168.09375563400232,1.011342222213081,0.025554133330267657
2019,KOR,2.0,1.0,1.0,0.0,1.0,0.22360679774997896,0.042477646552259773,1.0,1.0,345.15516845888106,610.3394740388371,-265.18430557995606,-0.14357009296893847,2.0,0.0,0.027706196689710694,1189.139888017795,218.84599500083766,970.2938930169574,0.9996960313736994,0.18315870925272956
2020,KOR,2.0,1.0,1.0,0.0,1.0,0.22360679774997896,0.03123233710477013,1.0,1.0,162.7687645140327,326.2532272134943,-163.4844626994616,0.7981247282357455,2.0,0.0,0.042477646552259773,345.15516845888106,610.3394740388371,-265.18430557995606,0.530473117817123,0.2326469335025
2021,KOR,2.0,1.0,1.0,0.0,1.0,0.22360679774997896,0.02881218899772167,1.0,1.0,467.6835412886563,263.67081748294834,204.01272380570794,3.257401693378233,2.0,0.0,0.03123233710477013,162.7687645140327,326.2532272134943,-163.4844626994616,1.2570991329435581,0.12748596279296034
2022,KOR,2.0,1.0,1.0,0.0,1.0,0.22360679774997896,0.035490456710193845,1.0,1.0,316.09625846238833,283.38065612158056,32.71560234080778,1.2710394102784597,2.0,0.0,0.02881218899772167,467.6835412886563,263.67081748294834,204.01272380570794,0.4714920627719248,0.10627510406242931
2011,MEX,2.0,1.0,1.0,0.0,1.0,0.22360679774997896,0.051099007442083816,1.0,1.0,562.6379579015121,429.01253711749825,133.62542078401384,2.6489181111899134,2.0,0.0,0.04984504187237853,798.6485979722245,551.6776055190774,246.97099245314712,0.8237681042271837,0.14485789767580298
2012,MEX,2.0,1.0,1.0,0.0,1.0,0.22360679774997896,0.041649930521778435,1.0,1.0,719.5112618766627,375.4272963190976,344.08396555756514,2.6639918113542964,2.0,0.0,0.051099007442083816,562.6379579015121,429.01253711749825,133.62542078401384,0.7176810279432942,0.21755087264373138
2013,MEX,2.0,1.0,1.0,0.0,1.0,0.22360679774997896,0.0395172939393602,1.0,1.0,1483.8224525364012,364.5126810425654,1119.3097714938358,3.172007750395302,2.0,0.0,0.041649930521778435,719.5112618766627,375.4272963190976,344.08396555756514,0.48530249680445386,0.16999539097237656
2014,MEX,2.0,1.0,1.0,0.0,1.0,0.22360679774997896,0.11858530526883151,1.0,1.0,497.11109597051626,3009.1659867006874,-2512.0548907301713,0.575355255491633,2.0,0.0,0.0395172939393602,1483.8224525364012,364.5126810425654,1119.3097714938358,0.7774638236078506,0.07358537623688445
2015,MEX,2.0,1.0,1.0,0.0,1.0,0.22360679774997896,0.07839959046616354,1.0,1.0,397.70598711829876,1402.099151530473,-1004.3931644121742,1.4309237607904501,2.0,0.0,0.11858530526883151,497.11109597051626,3009.1659867006874,-2512.0548907301713,0.5777558680122805,0.19815344703973192
2016,MEX,2.0,1.0,1.0,0.0,1.0,0.22360679774997896,0.03556394087828467,1.0,1.0,559.4627820984006,665.7706807552589,-106.30789865685836,1.6791554431403515,2.0,0.0,0.07839959046616354,397.70598711829876,1402.099151530473,-1004.3931644121742,0.8218721729828157,0.0509611043873881
2017,MEX,2.0,1.0,1.0,0.0,1.0,0.22360679774997896,0.05447975861934277,1.0,1.0,448.207880170066,586.3889350461587,-138.18105487609273,3.0599882760248884,2.0,0.0,0.03556394087828467,559.4627820984006,665.7706807552589,-106.30789865685836,0.9209257883658102,0.058078793267603956
2018,MEX,2.0,1.0,1.0,0.0,1.0,0.22360679774997896,0.035824309343312856,1.0,1.0,388.093107153086,346.8850981579747,41.2080089951113,1.1582995226077915,2.0,0.0,0.05447975861934277,448.207880170066,586.3889350461587,-138.18105487609273,1.2415788106919816,0.1609169250460676
2019,MEX,2.0,1.0,1.0,0.0,1.0,0.22360679774997896,0.0870838888788718,1.0,1.0,386.92842257747805,828.8557157257625,-441.92729314828443,3.5525646605803547,2.0,0.0,0.035824309343312856,388.093107153086,346.8850981579747,41.2080089951113,0.8922152655882244,0.07492018341280517
2020,MEX,2.0,1.0,1.0,0.0,1.0,0.22360679774997896,0.0244956259871192,1.0,1.0,564.4550200224882,236.3979216724991,328.057098349989,-0.871102756148733,2.0,0.0,0.0870838888788718,386.92842257747805,828.8557157257625,-441.92729314828443,0.6166323979085526,0.18209906593777203
2021,MEX,2.0,1.0,1.0,0.0,1.0,0.22360679774997896,0.041984837160845605,1.0,1.0,418.3441632959073,382.404259346464,35.939903949443305,2.2163391582618686,2.0,0.0,0.0244956259871192,564.4550200224882,236.3979216724991,328.057098349989,0.6825140567841196,0.10038926130015004
2022,MEX,2.0,1.0,1.0,0.0,1.0,0.22360679774997896,0.040574885506752256,1.0,1.0,343.51899979983637,444.8234790849906,-101.30447928515423,2.123497406993929,2.0,0.0,0.041984837160845605,418.3441632959073,382.404259346464,35.939903949443305,0.8419934318343691,0.08380751080169864
2011,NLD,2.0,1.0,1.0,0.0,1.0,0.22360679774997896,0.03985663311678667,1.0,1.0,202.09104276239592,448.14521709359127,-246.05417433119536,2.5156540380792745,2.0,0.0,0.03908191373109877,406.50167724770495,335.1416870204523,71.35999022725264,0.8280382488386454,0.24975123337374344
2012,NLD,2.0,1.0,1.0,0.0,1.0,0.22360679774997896,0.07140461549032005,1.0,1.0,338.7270756992599,1304.7954013830363,-966.0683256837764,2.9293179486571255,2.0,0.0,0.03985663311678667,202.09104276239592,448.14521709359127,-246.05417433119536,1.2378767804685262,0.029341708648445694
2013,NLD,2.0,1.0,1.0,0.0,1.0,0.22360679774997896,0.07987082130839543,1.0,1.0,516.1739922820578,1147.1769865145109,-631.002994232453,1.149639026780565,2.0,0.0,0.07140461549032005,338.7270756992599,1304.7954013830363,-966.0683256837764,1.2186058789270864,0.1685391799871158
2014,NLD,2.0,1.0,1.0,0.0,1.0,0.22360679774997896,0.030756442473423795,1.0,1.0,403.45092971167236,335.4591971790956,67.99173253257675,2.0474189825817097,2.0,0.0,0.07987082130839543,516.1739922820578,1147.1769865145109,-631.002994232453,0.6923192221273217,0.0289009045528162
2015,NLD,2.0,1.0,1.0,0.0,1.0,0.22360679774997896,0.03653681721355284,1.0,1.0,433.42641219797883,322.95739964285735,110.46901255512148,1.9728776555739758,2.0,0.0,0.030756442473423795,403.45092971167236,335.4591971790956,67.99173253257675,0.6354073615441406,0.19484835932137093
2016,NLD,2.0,1.0,1.0,0.0,1.0,0.22360679774997896,0.06069579441296436,1.0,1.0,417.993151453885,569.2780220337675,-151.28487057988247,3.8478155465383157,2.0,0.0,0.03653681721355284,433.42641219797883,322.95739964285735,110.46901255512148,0.03288361877964252,0.0729206902246069
2017,NLD,2.0,1.0,1.0,0.0,1.0,0.22360679774997896,0.06366896685987541,1.0,1.0,1002.0815437011994,1786.0011191353979,-783.9195754341985,3.5821774142822367,2.0,0.0,0.06069579441296436,417.993151453885,569.2780220337675,-151.28487057988247,0.6353238760033341,0.04066132942664372
2018,NLD,2.0,1.0,1.0,0.0,1.0,0.22360679774997896,0.031536394280425255,1.0,1.0,524.3610753640532,294.8055535433008,229.55552182075246,3.338507875814001,2.0,0.0,0.06366896685987541,1002.0815437011994,1786.0011191353979,-783.9195754341985,0.506582688174715,0.16914343373908097
2019,NLD,2.0,1.0,1.0,0.0,1.0,0.22360679774997896,0.036150582074395095,1.0,1.0,554.6001586577971,315.0475059137493,239.5526527440478,0.669087819225343,2.0,0.0,0.031536394280425255,524.3610753640532,294.8055535433008,229.55552182075246,0.6935526625715545,0.18849827997737353
2020,NLD,2.0,1.0,1.0,0.0,1.0,0.22360679774997896,0.031254149934730885,1.0,1.0,330.96684559597173,389.9000934777582,-58.933247881786485,-0.5865679958708745,2.0,0.0,0.036150582074395095,554.6001586577971,315.0475059137493,239.5526527440478,0.9174752727050334,0.1759619224313341
2021,NLD,2.0,1.0,1.0,0.0,1.0,0.22360679774997896,0.03468438743762139,1.0,1.0,209.33939695206305,399.519493178114,-190.18009622605092,1.5106505404244337,2.0,0.0,0.031254149934730885,330.96684559597173,389.9000934777582,-58.933247881786485,0.8531576987596964,0.031937217840867664
2022,NLD,2.0,1.0,1.0,0.0,1.0,0.22360679774997896,0.06528400939774126,1.0,1.0,78.58224452465629,831.174497110367,-752.5922525857108,1.469308831087906,2.0,0.0,0.03468438743762139,209.33939695206305,399.519493178114,-190.18009622605092,0.7910095978857373,0.08769059747745592
2011,RUS,2.0,1.0,1.0,0.0,1.0,0.22360679774997896,0.033776794605066926,1.0,1.0,320.7537022100803,416.653887800944,-95.90018559086371,2.5895586852420536,2.0,0.0,0.06320222395364675,221.1864227373248,642.775173886809,-421.58875114948415,0.8598746333265541,0.12375031963057127
2012,RUS,2.0,1.0,1.0,0.0,1.0,0.22360679774997896,0.03271829753646872,1.0,1.0,309.1977826592888,243.93857763738032,65.25920502190849,1.7372940449511474,2.0,0.0,0.033776794605066926,320.7537022100803,416.653887800944,-95.90018559086371,0.7621646680307025,0.0860337566368642
2013,RUS,2.0,1.0,1.0,0.0,1.0,0.22360679774997896,0.06022382034709513,1.0,1.0,320.17351894887656,796.812804138787,-476.6392851899104,2.651016531124318,2.0,0.0,0.03271829753646872,309.1977826592888,243.93857763738032,65.25920502190849,0.8591056797630429,0.2064180949421853
2014,RUS,2.0,1.0,1.0,0.0,1.0,0.22360679774997896,0.04176976442260279,1.0,1.0,968.6202045074097,486.3312380527765,482.28896645463317,2.2190655001199513,2.0,0.0,0.06022382034709513,320.17351894887656,796.812804138787,-476.6392851899104,-0.16931650237579365,0.05015647418512028
2015,RUS,2.0,1.0,1.0,0.0,1.0,0.22360679774997896,0.04473255375341093,1.0,1.0,886.3430063681236,491.6310987096979,394.71190765842573,1.0965169200722416,2.0,0.0,0.04176976442260279,968.6202045074097,486.3312380527765,482.28896645463317,0.7192119530747738,0.16080125318883612
2016,RUS,2.0,1.0,1.0,0.0,1.0,0.22360679774997896,0.059327647789030304,1.0,1.0,516.959419070845,549.9859675052014,-33.026548434356414,2.6981193582481438,2.0,0.0,0.04473255375341093,886.3430063681236,491.6310987096979,394.71190765842573,0.7667447836840979,0.2472894370343143
2017,RUS,2.0,1.0,1.0,0.0,1.0,0.22360679774997896,0.05631551369230493,1.0,1.0,451.4690841835311,471.39173250589596,-19.922648322364864,3.208181830835524,2.0,0.0,0.059327647789030304,516.959419070845,549.9859675052014,-33.026548434356414,0.6976214851380244,0.22758800387773984
2018,RUS,2.0,1.0,1.0,0.0,1.0,0.22360679774997896,0.026035069975161966,1.0,1.0,206.79858385656112,362.33065227785863,-155.5320684212975,2.250279815572244,2.0,0.0,0.05631551369230493,451.4690841835311,471.39173250589596,-19.922648322364864,0.7346161213691175,0.07109612437157267
2019,RUS,2.0,1.0,1.0,0.0,1.0,0.22360679774997896,0.04187394822460945,1.0,1.0,604.1507716577064,519.4879027879257,84.66286886978071,4.842214914219963,2.0,0.0,0.026035069975161966,206.79858385656112,362.33065227785863,-155.5320684212975,1.0109930353420191,0.020018834151143566
2020,RUS,2.0,1.0,1.0,0.0,1.0,0.22360679774997896,0.03747209778194312,1.0,1.0,478.2955442922145,347.58267642523754,130.71286786697698,0.6364642575058488,2.0,0.0,0.04187394822460945,604.1507716577064,519.4879027879257,84.66286886978071,0.6205684005977524,0.24553738867425745
2021,RUS,2.0,1.0,1.0,0.0,1.0,0.22360679774997896,0.03634454861920791,1.0,1.0,191.07949811617763,424.7150855220787,-233.63558740590108,1.3705870956848027,2.0,0.0,0.03747209778194312,478.2955442922145,347.58267642523754,130.71286786697698,1.4602106297651383,0.22302398648039684
2022,RUS,2.0,1.0,1.0,0.0,1.0,0.22360679774997896,0.05857736276051474,1.0,1.0,379.89531096275203,749.6707756113447,-369.7754646485926,0.07173270063356335,2.0,0.0,0.03634454861920791,191.07949811617763,424.7150855220787,-233.63558740590108,1.0064890790666265,0.2314786672553509
2011,SAU,2.0,1.0,1.0,0.0,1.0,0.22360679774997896,0.040058784064533115,1.0,1.0,378.286112755949,405.8971311731414,-27.61101841719244,-0.8830469048220494,2.0,0.0,0.03358091058720387,341.04578629406836,355.55222585315056,-14.506439559082196,0.7981078247258384,0.11556581669265568
2012,SAU,2.0,1.0,1.0,0.0,1.0,0.22360679774997896,0.03303358956747941,1.0,1.0,583.8628313058912,295.6749970100207,288.18783429587046,2.6019227555284,2.0,0.0,0.040058784064533115,378.286112755949,405.8971311731414,-27.61101841719244,0.7380013090407301,0.19126155629604813
2013,SAU,2.0,1.0,1.0,0.0,1.0,0.22360679774997896,0.050015728145317476,1.0,1.0,875.0519502177308,510.0467471311826,365.0052030865482,3.0253032845401115,2.0,0.0,0.03303358956747941,583.8628313058912,295.6749970100207,288.18783429587046,0.7740433140853595,0.06895124467090429
2014,SAU,2.0,1.0,1.0,0.0,1.0,0.22360679774997896,0.02892037379833194,1.0,1.0,755.8031477086905,281.72757124659546,474.07557646209506,3.175366602695424,2.0,0.0,0.050015728145317476,875.0519502177308,510.0467471311826,365.0052030865482,0.5254078790168064,0.11022993634930334
2015,SAU,2.0,1.0,1.0,0.0,1.0,0.22360679774997896,0.059077054937311205,1.0,1.0,457.62072876781025,2163.6972196726188,-1706.0764909048085,6.206091840683392,2.0,0.0,0.02892037379833194,755.8031477086905,281.72757124659546,474.07557646209506,0.7714392382225972,0.21585605181905032
2016,SAU,2.0,1.0,1.0,0.0,1.0,0.22360679774997896,0.04930765631877843,1.0,1.0,184.79088775432228,442.5364446324029,-257.7455568780806,1.4663680657070546,2.0,0.0,0.059077054937311205,457.62072876781025,2163.6972196726188,-1706.0764909048085,0.8836050550181164,0.04935081157014477
2017,SAU,2.0,1.0,1.0,0.0,1.0,0.22360679774997896,0.06266493351555225,1.0,1.0,384.25329011866035,469.02315974153106,-84.76986962287071,4.764519363221321,2.0,0.0,0.04930765631877843,184.79088775432228,442.5364446324029,-257.7455568780806,0.973862484671969,0.22558903461093696
2018,SAU,2.0,1.0,1.0,0.0,1.0,0.22360679774997896,0.05683959473437344,1.0,1.0,352.6636046411213,504.62069167169136,-151.95708703057005,2.470716878754624,2.0,0.0,0.06266493351555225,384.25329011866035,469.02315974153106,-84.76986962287071,0.9739069337433002,0.13419683364627602
2019,SAU,2.0,1.0,1.0,0.0,1.0,0.22360679774997896,0.08609222138030506,1.0,1.0,183.22343133986726,1469.1644028794865,-1285.940971539619,4.428407485450519,2.0,0.0,0.05683959473437344,352.6636046411213,504.62069167169136,-151.95708703057005,0.7175367360302196,0.11800200073569213
2020,SAU,2.0,1.0,1.0,0.0,1.0,0.22360679774997896,0.03652047643954697,1.0,1.0,270.27305754192264,222.55319099290438,47.71986654901826,2.127630358563817,2.0,0.0,0.08609222138030506,183.22343133986726,1469.1644028794865,-1285.940971539619,0.375175324243421,0.09029866926141723
2021,SAU,2.0,1.0,1.0,0.0,1.0,0.22360679774997896,0.04081360594789725,1.0,1.0,337.1133599795624,317.07879307838135,20.03456690118105,6.142933550473736,2.0,0.0,0.03652047643954697,270.27305754192264,222.55319099290438,47.71986654901826,0.5992692121299664,0.23087522061273852
2022,SAU,2.0,1.0,1.0,0.0,1.0,0.22360679774997896,0.04777600253519089,1.0,1.0,174.4079950576102,429.94273837758766,-255.53474331997745,2.1614603718952274,2.0,0.0,0.04081360594789725,337.1133599795624,317.07879307838135,20.03456690118105,1.2836579128437164,0.1390533959750965
2011,TUR,2.0,1.0,1.0,0.0,1.0,0.22360679774997896,0.06042466491110662,1.0,1.0,455.54090083892703,1103.0110391045148,-647.4701382655878,4.540868397217497,2.0,0.0,0.031869876356301674,379.4325187392808,316.67955936188815,62.75295937739264,1.0688174940229844,0.20492606471669988
2012,TUR,2.0,1.0,1.0,0.0,1.0,0.22360679774997896,0.08024537012689305,1.0,1.0,561.9219154311007,978.4869988084524,-416.5650833773517,4.097328934156275,2.0,0.0,0.06042466491110662,455.54090083892703,1103.0110391045148,-647.4701382655878,0.9108858758912523,0.21725991107463746
2013,TUR,2.0,1.0,1.0,0.0,1.0,0.22360679774997896,0.029762490331722423,1.0,1.0,538.5199625372562,211.14351129412918,327.376451243127,7.440811642990671,2.0,0.0,0.08024537012689305,561.9219154311007,978.4869988084524,-416.5650833773517,0.5716117265719629,0.23214794155605348
2014,TUR,2.0,1.0,1.0,0.0,1.0,0.22360679774997896,0.060579632378952364,1.0,1.0,489.06313549085604,598.6068015634261,-109.54366607257003,3.220331377481959,2.0,0.0,0.029762490331722423,538.5199625372562,211.14351129412918,327.376451243127,0.8010935464921335,0.08977756882760753
2015,TUR,2.0,1.0,1.0,0.0,1.0,0.22360679774997896,0.032826293575538734,1.0,1.0,550.1998130562134,381.9785528275961,168.22126022861733,1.5182224144444174,2.0,0.0,0.060579632378952364,489.06313549085604,598.6068015634261,-109.54366607257003,0.42329939430125546,0.09815649643019927
2016,TUR,2.0,1.0,1.0,0.0,1.0,0.22360679774997896,0.039124674985787554,1.0,1.0,264.8471456240471,273.10551944497433,-8.258373820927261,4.6185244802125665,2.0,0.0,0.032826293575538734,550.1998130562134,381.9785528275961,168.22126022861733,0.6344189372911779,0.15686699155995143
2017,TUR,2.0,1.0,1.0,0.0,1.0,0.22360679774997896,0.027533680109342727,1.0,1.0,600.0132575185296,234.1348884693462,365.8783690491834,5.429849429964409,2.0,0.0,0.039124674985787554,264.8471456240471,273.10551944497433,-8.258373820927261,0.7264389974944415,0.12150455115567838
2018,TUR,2.0,1.0,1.0,0.0,1.0,0.22360679774997896,0.036094303801414075,1.0,1.0,512.0607630826876,374.3291909180045,137.7315721646831,4.385632704335373,2.0,0.0,0.027533680109342727,600.0132575185296,234.1348884693462,365.8783690491834,0.6915080204404361,0.23455378250254066
2019,TUR,2.0,1.0,1.0,0.0,1.0,0.22360679774997896,0.031240203460844163,1.0,1.0,463.3812807104382,292.9202987531102,170.460981957328,2.3364599186133077,2.0,0.0,0.036094303801414075,512.0607630826876,374.3291909180045,137.7315721646831,1.0869805793168037,0.11143973187570189
2020,TUR,2.0,1.0,1.0,0.0,1.0,0.22360679774997896,0.045582389391306564,1.0,1.0,719.3323826831129,556.9572012432384,162.3751814398745,2.562821860142046,2.0,0.0,0.031240203460844163,463.3812807104382,292.9202987531102,170.460981957328,0.3743822257893643,0.12988895112629836
2021,TUR,2.0,1.0,1.0,0.0,1.0,0.22360679774997896,0.04852840532626937,1.0,1.0,391.05301215189223,613.731283504208,-222.6782713523158,6.5204605218554175,2.0,0.0,0.045582389391306564,719.3323826831129,556.9572012432384,162.3751814398745,0.5403703185454538,0.16195280036725163
2022,TUR,2.0,1.0,1.0,0.0,1.0,0.22360679774997896,0.04721245846674026,1.0,1.0,532.2343979656695,363.38368692472284,168.85071104094663,4.958109207997006,2.0,0.0,0.04852840532626937,391.05301215189223,613.731283504208,-222.6782713523158,0.38759360869333426,0.11309008177396195
2011,USA,2.0,1.0,1.0,0.0,1.0,0.22360679774997896,0.045993196598651684,1.0,1.0,710.4311760986429,583.4691167631066,126.96205933553631,3.359110354350107,2.0,0.0,0.07650872471050608,832.0893599865067,897.6176457273025,-65.52828574079581,0.42879403619364387,0.2482700402627745
2012,USA,2.0,1.0,1.0,0.0,1.0,0.22360679774997896,0.0562583603363887,1.0,1.0,660.6235843676127,518.9811025681158,141.64248179949686,1.9776259396972562,2.0,0.0,0.045993196598651684,710.4311760986429,583.4691167631066,126.96205933553631,0.8372167689339947,0.04273579544856687
2013,USA,2.0,1.0,1.0,0.0,1.0,0.22360679774997896,0.1060850869155331,1.0,1.0,1395.4312893203053,1532.0536212998138,-136.62233197950854,3.113731684126149,2.0,0.0,0.0562583603363887,660.6235843676127,518.9811025681158,141.64248179949686,0.3198678400831186,0.07073876309565653
2014,USA,2.0,1.0,1.0,0.0,1.0,0.22360679774997896,0.09591798349853657,1.0,1.0,2961.099699019565,1735.2850010337374,1225.8146979858275,0.9741028757817537,2.0,0.0,0.1060850869155331,1395.4312893203053,1532.0536212998138,-136.62233197950854,1.026160633651291,0.09421068015843954
2015,USA,2.0,1.0,1.0,0.0,1.0,0.22360679774997896,0.04629507552766389,1.0,1.0,926.8575170089041,784.0642911858098,142.7932258230943,2.9049163984328956,2.0,0.0,0.09591798349853657,2961.099699019565,1735.2850010337374,1225.8146979858275,0.7259552669176774,0.05397625403711265
2016,USA,2.0,1.0,1.0,0.0,1.0,0.22360679774997896,0.04048820351301656,1.0,1.0,1674.4030200644604,326.114515240248,1348.2885048242124,0.9767979599108794,2.0,0.0,0.04629507552766389,926.8575170089041,784.0642911858098,142.7932258230943,0.8206364997577933,0.08537042394225774
2017,USA,2.0,1.0,1.0,0.0,1.0,0.22360679774997896,0.0680743214817871,1.0,1.0,373.9985191351635,1100.1899051841615,-726.191386048998,2.568915220233186,2.0,0.0,0.04048820351301656,1674.4030200644604,326.114515240248,1348.2885048242124,0.8967730213991612,0.19922641735768046
2018,USA,2.0,1.0,1.0,0.0,1.0,0.22360679774997896,0.10034865474332788,1.0,1.0,1134.1743993594137,1527.6722668417447,-393.497867482331,2.524041055120152,2.0,0.0,0.0680743214817871,373.9985191351635,1100.1899051841615,-726.191386048998,0.6697500439245228,0.1402651602036001
2019,USA,2.0,1.0,1.0,0.0,1.0,0.22360679774997896,0.10844242759924559,1.0,1.0,1906.4738420842205,1347.0115557583176,559.4622863259028,3.4388414452625318,2.0,0.0,0.10034865474332788,1134.1743993594137,1527.6722668417447,-393.497867482331,1.1097439147260133,0.0278093363094906
2020,USA,2.0,1.0,1.0,0.0,1.0,0.22360679774997896,0.09719336893178812,1.0,1.0,506.15421749178705,1032.3414372578561,-526.1872197660691,-3.7910165111453233,2.0,0.0,0.10844242759924559,1906.4738420842205,1347.0115557583176,559.4622863259028,0.7416971819817095,0.24600319459305342
2021,USA,2.0,1.0,1.0,0.0,1.0,0.22360679774997896,0.04054510437195282,1.0,1.0,867.6889293091734,642.3026363079679,225.38629300120556,3.759750799361915,2.0,0.0,0.09719336893178812,506.15421749178705,1032.3414372578561,-526.1872197660691,0.978221076571721,0.16168148984032876
2022,USA,2.0,1.0,1.0,0.0,1.0,0.22360679774997896,0.04922157834883212,1.0,1.0,1006.6337050808693,501.1804988928748,505.45320618799445,1.7214614805987225,2.0,0.0,0.04054510437195282,867.6889293091734,642.3026363079679,225.38629300120556,0.7402662851728243,0.03355608007869482
