year,country,degree_centrality,in_degree_centrality,out_degree_centrality,betweenness_centrality,closeness_centrality,eigenvector_centrality,pagerank,network_density,network_clustering,total_exports,total_imports,trade_balance
2010,USA,2.0,1.0,1.0,0.0,1.0,0.22360679774997896,0.07650872471050608,1.0,1.0,832.0893599865067,897.6176457273025,-65.52828574079581
2010,CHN,2.0,1.0,1.0,0.0,1.0,0.22360679774997896,0.07402172685037035,1.0,1.0,1532.7089759189626,1187.3032271974403,345.4057487215223
2010,DEU,2.0,1.0,1.0,0.0,1.0,0.22360679774997896,0.04026918544946783,1.0,1.0,1405.936313511328,320.2936671518509,1085.642646359477
2010,JPN,2.0,1.0,1.0,0.0,1.0,0.22360679774997896,0.08338252697821565,1.0,1.0,339.77547116765277,1118.5516439754813,-778.7761728078285
2010,GBR,2.0,1.0,1.0,0.0,1.0,0.22360679774997896,0.047716410644535655,1.0,1.0,484.730652145548,442.8164155777713,41.9142365677767
2010,FRA,2.0,1.0,1.0,0.0,1.0,0.22360679774997896,0.03774078743435375,1.0,1.0,678.33728957537,349.3858411455993,328.9514484297708
2010,ITA,2.0,1.0,1.0,0.0,1.0,0.22360679774997896,0.04645080357238671,1.0,1.0,362.6129091680674,629.367459386287,-266.7545502182196
2010,BRA,2.0,1.0,1.0,0.0,1.0,0.22360679774997896,0.03787459052999953,1.0,1.0,301.56624062881724,458.9265223377899,-157.36028170897265
2010,CAN,2.0,1.0,1.0,0.0,1.0,0.22360679774997896,0.03869631024677357,1.0,1.0,460.1443158856363,488.62600309937386,-28.481687213737587
2010,RUS,2.0,1.0,1.0,0.0,1.0,0.22360679774997896,0.06320222395364675,1.0,1.0,221.1864227373248,642.775173886809,-421.58875114948415
2010,IND,2.0,1.0,1.0,0.0,1.0,0.22360679774997896,0.037430442233111934,1.0,1.0,716.7143924601289,431.8754128488262,284.8389796113027
2010,KOR,2.0,1.0,1.0,0.0,1.0,0.22360679774997896,0.06367923012906365,1.0,1.0,742.7693841656223,498.43830541844255,244.3310787471798
2010,ESP,2.0,1.0,1.0,0.0,1.0,0.22360679774997896,0.02461541473972262,1.0,1.0,151.19257716062685,286.88113065347807,-135.6885534928512
2010,AUS,2.0,1.0,1.0,0.0,1.0,0.22360679774997896,0.06658612795114632,1.0,1.0,555.302987914849,798.0850242899933,-242.78203637514423
2010,MEX,2.0,1.0,1.0,0.0,1.0,0.22360679774997896,0.04984504187237853,1.0,1.0,798.6485979722245,551.6776055190774,246.97099245314712
2010,IDN,2.0,1.0,1.0,0.0,1.0,0.22360679774997896,0.042573514475356074,1.0,1.0,453.42324094402824,470.74494066521726,-17.32169972118902
2010,NLD,2.0,1.0,1.0,0.0,1.0,0.22360679774997896,0.03908191373109877,1.0,1.0,406.50167724770495,335.1416870204523,71.35999022725264
2010,SAU,2.0,1.0,1.0,0.0,1.0,0.22360679774997896,0.03358091058720387,1.0,1.0,341.04578629406836,355.55222585315056,-14.506439559082196
2010,TUR,2.0,1.0,1.0,0.0,1.0,0.22360679774997896,0.031869876356301674,1.0,1.0,379.4325187392808,316.67955936188815,62.75295937739264
2010,CHE,2.0,1.0,1.0,0.0,1.0,0.22360679774997896,0.06487423755436088,1.0,1.0,343.15524028395095,926.5348627914673,-583.3796225075164
2011,USA,2.0,1.0,1.0,0.0,1.0,0.22360679774997896,0.045993196598651684,1.0,1.0,710.4311760986429,583.4691167631066,126.96205933553631
2011,CHN,2.0,1.0,1.0,0.0,1.0,0.22360679774997896,0.06738530422818782,1.0,1.0,914.7329785324339,679.5327911717222,235.20018736071165
2011,DEU,2.0,1.0,1.0,0.0,1.0,0.22360679774997896,0.07256622012959506,1.0,1.0,1819.2159779284693,779.6837553556611,1039.5322225728082
2011,JPN,2.0,1.0,1.0,0.0,1.0,0.22360679774997896,0.05292291670516645,1.0,1.0,466.26314080615305,518.3740563663781,-52.11091556022507
2011,GBR,2.0,1.0,1.0,0.0,1.0,0.22360679774997896,0.03232035719381081,1.0,1.0,421.1263159238626,290.6687465106269,130.45756941323572
2011,FRA,2.0,1.0,1.0,0.0,1.0,0.22360679774997896,0.03543961059621379,1.0,1.0,254.87323565566552,434.1662355451296,-179.29299988946408
2011,ITA,2.0,1.0,1.0,0.0,1.0,0.22360679774997896,0.08896158733642433,1.0,1.0,431.8454971806754,906.0805712140044,-474.235074033329
2011,BRA,2.0,1.0,1.0,0.0,1.0,0.22360679774997896,0.0357450676869193,1.0,1.0,622.1466052827237,521.0063512675376,101.14025401518609
2011,CAN,2.0,1.0,1.0,0.0,1.0,0.22360679774997896,0.07255862366611025,1.0,1.0,545.4869211341742,658.2584639386113,-112.7715428044371
2011,RUS,2.0,1.0,1.0,0.0,1.0,0.22360679774997896,0.033776794605066926,1.0,1.0,320.7537022100803,416.653887800944,-95.90018559086371
2011,IND,2.0,1.0,1.0,0.0,1.0,0.22360679774997896,0.04195934776804643,1.0,1.0,419.19760901793876,409.9504454312038,9.247163586734985
2011,KOR,2.0,1.0,1.0,0.0,1.0,0.22360679774997896,0.041593108107247756,1.0,1.0,153.66643497580358,515.8505147854365,-362.184079809633
2011,ESP,2.0,1.0,1.0,0.0,1.0,0.22360679774997896,0.033803821123719914,1.0,1.0,429.3458992341609,361.3014274171263,68.0444718170346
2011,AUS,2.0,1.0,1.0,0.0,1.0,0.22360679774997896,0.044900246600828,1.0,1.0,723.2748431273865,367.0852912986913,356.1895518286952
2011,MEX,2.0,1.0,1.0,0.0,1.0,0.22360679774997896,0.051099007442083816,1.0,1.0,562.6379579015121,429.01253711749825,133.62542078401384
2011,IDN,2.0,1.0,1.0,0.0,1.0,0.22360679774997896,0.044175883661953706,1.0,1.0,531.2594836030717,355.6615625079392,175.59792109513245
2011,NLD,2.0,1.0,1.0,0.0,1.0,0.22360679774997896,0.03985663311678667,1.0,1.0,202.09104276239592,448.14521709359127,-246.05417433119536
2011,SAU,2.0,1.0,1.0,0.0,1.0,0.22360679774997896,0.040058784064533115,1.0,1.0,378.286112755949,405.8971311731414,-27.61101841719244
2011,TUR,2.0,1.0,1.0,0.0,1.0,0.22360679774997896,0.06042466491110662,1.0,1.0,455.54090083892703,1103.0110391045148,-647.4701382655878
2011,CHE,2.0,1.0,1.0,0.0,1.0,0.22360679774997896,0.06445882445754755,1.0,1.0,584.7443257562603,763.111018863422,-178.36669310716172
2012,USA,2.0,1.0,1.0,0.0,1.0,0.22360679774997896,0.0562583603363887,1.0,1.0,660.6235843676127,518.9811025681158,141.64248179949686
2012,CHN,2.0,1.0,1.0,0.0,1.0,0.22360679774997896,0.06033682790325436,1.0,1.0,1653.8267708219744,662.8923165206018,990.9344543013726
2012,DEU,2.0,1.0,1.0,0.0,1.0,0.22360679774997896,0.08346988448157558,1.0,1.0,562.2793881543562,1107.386230804347,-545.1068426499908
2012,JPN,2.0,1.0,1.0,0.0,1.0,0.22360679774997896,0.03984079571778608,1.0,1.0,580.0730097277558,512.3043770376472,67.76863269010857
2012,GBR,2.0,1.0,1.0,0.0,1.0,0.22360679774997896,0.037052633449673134,1.0,1.0,339.3268368819489,377.33058378363296,-38.00374690168405
2012,FRA,2.0,1.0,1.0,0.0,1.0,0.22360679774997896,0.04265499386939065,1.0,1.0,770.0913818221296,369.5161993040823,400.5751825180473
2012,ITA,2.0,1.0,1.0,0.0,1.0,0.22360679774997896,0.0424738296767595,1.0,1.0,261.02307776032876,547.1269206993201,-286.1038429389913
2012,BRA,2.0,1.0,1.0,0.0,1.0,0.22360679774997896,0.05590342567234372,1.0,1.0,882.9078276208157,594.9098430358945,287.99798458492126
2012,CAN,2.0,1.0,1.0,0.0,1.0,0.22360679774997896,0.04212299598195459,1.0,1.0,447.5364018649616,379.14577639329394,68.39062547166765
2012,RUS,2.0,1.0,1.0,0.0,1.0,0.22360679774997896,0.03271829753646872,1.0,1.0,309.1977826592888,243.93857763738032,65.25920502190849
2012,IND,2.0,1.0,1.0,0.0,1.0,0.22360679774997896,0.04695275797239337,1.0,1.0,234.88551920935112,528.0497366460224,-293.1642174366713
2012,KOR,2.0,1.0,1.0,0.0,1.0,0.22360679774997896,0.050711580437592364,1.0,1.0,452.28904986428955,385.63260975991744,66.65644010437211
2012,ESP,2.0,1.0,1.0,0.0,1.0,0.22360679774997896,0.02816657033814577,1.0,1.0,631.8044113058726,290.96801308900876,340.8363982168638
2012,AUS,2.0,1.0,1.0,0.0,1.0,0.22360679774997896,0.03299907261490222,1.0,1.0,335.7793972394752,365.4123574103129,-29.63296017083769
2012,MEX,2.0,1.0,1.0,0.0,1.0,0.22360679774997896,0.041649930521778435,1.0,1.0,719.5112618766627,375.4272963190976,344.08396555756514
2012,IDN,2.0,1.0,1.0,0.0,1.0,0.22360679774997896,0.06203610997798391,1.0,1.0,401.1403967712077,868.0399440987004,-466.8995473274927
2012,NLD,2.0,1.0,1.0,0.0,1.0,0.22360679774997896,0.07140461549032005,1.0,1.0,338.7270756992599,1304.7954013830363,-966.0683256837764
2012,SAU,2.0,1.0,1.0,0.0,1.0,0.22360679774997896,0.03303358956747941,1.0,1.0,583.8628313058912,295.6749970100207,288.18783429587046
2012,TUR,2.0,1.0,1.0,0.0,1.0,0.22360679774997896,0.08024537012689305,1.0,1.0,561.9219154311007,978.4869988084524,-416.5650833773517
2012,CHE,2.0,1.0,1.0,0.0,1.0,0.22360679774997896,0.05996835832691641,1.0,1.0,627.9200081176135,648.7086461930119,-20.788638075398353
2013,USA,2.0,1.0,1.0,0.0,1.0,0.22360679774997896,0.1060850869155331,1.0,1.0,1395.4312893203053,1532.0536212998138,-136.62233197950854
2013,CHN,2.0,1.0,1.0,0.0,1.0,0.22360679774997896,0.07026292016691124,1.0,1.0,940.8404567253646,1258.3441914961088,-317.50373477074424
2013,DEU,2.0,1.0,1.0,0.0,1.0,0.22360679774997896,0.048584730244174514,1.0,1.0,478.1377040569742,575.654328923787,-97.51662486681283
2013,JPN,2.0,1.0,1.0,0.0,1.0,0.22360679774997896,0.03818435888065202,1.0,1.0,510.8626929238797,410.2216736065819,100.64101931729783
2013,GBR,2.0,1.0,1.0,0.0,1.0,0.22360679774997896,0.026502758693374512,1.0,1.0,511.87395568980435,230.10561172838985,281.76834396141453
2013,FRA,2.0,1.0,1.0,0.0,1.0,0.22360679774997896,0.030194330083824827,1.0,1.0,421.7827556561422,353.78575318721465,67.99700246892758
2013,ITA,2.0,1.0,1.0,0.0,1.0,0.22360679774997896,0.037830888911060456,1.0,1.0,334.91187345397435,327.6689148311023,7.242958622872038
2013,BRA,2.0,1.0,1.0,0.0,1.0,0.22360679774997896,0.03564485515464548,1.0,1.0,231.92999342231303,327.3121321837136,-95.38213876140054
2013,CAN,2.0,1.0,1.0,0.0,1.0,0.22360679774997896,0.07851169961623157,1.0,1.0,349.1586397875091,1438.138103154397,-1088.9794633668878
2013,RUS,2.0,1.0,1.0,0.0,1.0,0.22360679774997896,0.06022382034709513,1.0,1.0,320.17351894887656,796.812804138787,-476.6392851899104
2013,IND,2.0,1.0,1.0,0.0,1.0,0.22360679774997896,0.07571073984476336,1.0,1.0,1704.2776777250135,792.9471593704213,911.3305183545922
2013,KOR,2.0,1.0,1.0,0.0,1.0,0.22360679774997896,0.030187162103590195,1.0,1.0,615.3881584434114,236.04809794059568,379.34006050281573
2013,ESP,2.0,1.0,1.0,0.0,1.0,0.22360679774997896,0.0392184106106484,1.0,1.0,276.38507341025536,414.0356376027456,-137.65056419249026
2013,AUS,2.0,1.0,1.0,0.0,1.0,0.22360679774997896,0.026398668860716304,1.0,1.0,338.6397326684758,223.44879422390318,115.19093844457262
2013,MEX,2.0,1.0,1.0,0.0,1.0,0.22360679774997896,0.0395172939393602,1.0,1.0,1483.8224525364012,364.5126810425654,1119.3097714938358
2013,IDN,2.0,1.0,1.0,0.0,1.0,0.22360679774997896,0.058509007569474074,1.0,1.0,262.19977671645626,756.859486006017,-494.6597092895608
2013,NLD,2.0,1.0,1.0,0.0,1.0,0.22360679774997896,0.07987082130839543,1.0,1.0,516.1739922820578,1147.1769865145109,-631.002994232453
2013,SAU,2.0,1.0,1.0,0.0,1.0,0.22360679774997896,0.050015728145317476,1.0,1.0,875.0519502177308,510.0467471311826,365.0052030865482
2013,TUR,2.0,1.0,1.0,0.0,1.0,0.22360679774997896,0.029762490331722423,1.0,1.0,538.5199625372562,211.14351129412918,327.376451243127
2013,CHE,2.0,1.0,1.0,0.0,1.0,0.22360679774997896,0.03878422827250934,1.0,1.0,186.0382315763516,385.2836524225861,-199.2454208462345
2014,USA,2.0,1.0,1.0,0.0,1.0,0.22360679774997896,0.09591798349853657,1.0,1.0,2961.099699019565,1735.2850010337374,1225.8146979858275
2014,CHN,2.0,1.0,1.0,0.0,1.0,0.22360679774997896,0.04326025454602803,1.0,1.0,1130.0984828208047,480.0761392515901,650.0223435692146
2014,DEU,2.0,1.0,1.0,0.0,1.0,0.22360679774997896,0.10036957013803924,1.0,1.0,642.9848635865511,1143.0256074954668,-500.0407439089157
2014,JPN,2.0,1.0,1.0,0.0,1.0,0.22360679774997896,0.03331483479026433,1.0,1.0,583.523480509462,472.53862691055406,110.98485359890799
2014,GBR,2.0,1.0,1.0,0.0,1.0,0.22360679774997896,0.05649627925668533,1.0,1.0,214.2674160013831,634.9300854970444,-420.66266949566125
2014,FRA,2.0,1.0,1.0,0.0,1.0,0.22360679774997896,0.03212323174078273,1.0,1.0,882.1919013276561,227.60378774286198,654.5881135847941
2014,ITA,2.0,1.0,1.0,0.0,1.0,0.22360679774997896,0.03603568792947954,1.0,1.0,378.0405051005387,546.3065024606619,-168.2659973601232
2014,BRA,2.0,1.0,1.0,0.0,1.0,0.22360679774997896,0.05420275567914145,1.0,1.0,466.67649459930755,962.5981715222656,-495.92167692295806
2014,CAN,2.0,1.0,1.0,0.0,1.0,0.22360679774997896,0.03849852655337347,1.0,1.0,822.2966342181331,339.73469840225084,482.5619358158823
2014,RUS,2.0,1.0,1.0,0.0,1.0,0.22360679774997896,0.04176976442260279,1.0,1.0,968.6202045074097,486.3312380527765,482.28896645463317
2014,IND,2.0,1.0,1.0,0.0,1.0,0.22360679774997896,0.05197116377889627,1.0,1.0,420.09672827154225,801.5958836825685,-381.4991554110262
2014,KOR,2.0,1.0,1.0,0.0,1.0,0.22360679774997896,0.04912340769340672,1.0,1.0,1116.248294289957,600.2689657057069,515.97932858425
2014,ESP,2.0,1.0,1.0,0.0,1.0,0.22360679774997896,0.026736969374582628,1.0,1.0,372.05937051869313,240.23183863888167,131.82753187981146
2014,AUS,2.0,1.0,1.0,0.0,1.0,0.22360679774997896,0.04548871166637117,1.0,1.0,227.9224885497268,543.0072051316528,-315.08471658192593
2014,MEX,2.0,1.0,1.0,0.0,1.0,0.22360679774997896,0.11858530526883151,1.0,1.0,497.11109597051626,3009.1659867006874,-2512.0548907301713
2014,IDN,2.0,1.0,1.0,0.0,1.0,0.22360679774997896,0.03371898582917475,1.0,1.0,192.19102576158534,334.6297967290141,-142.43877096742878
2014,NLD,2.0,1.0,1.0,0.0,1.0,0.22360679774997896,0.030756442473423795,1.0,1.0,403.45092971167236,335.4591971790956,67.99173253257675
2014,SAU,2.0,1.0,1.0,0.0,1.0,0.22360679774997896,0.02892037379833194,1.0,1.0,755.8031477086905,281.72757124659546,474.07557646209506
2014,TUR,2.0,1.0,1.0,0.0,1.0,0.22360679774997896,0.060579632378952364,1.0,1.0,489.06313549085604,598.6068015634261,-109.54366607257003
2014,CHE,2.0,1.0,1.0,0.0,1.0,0.22360679774997896,0.022130119183095487,1.0,1.0,457.8327454122734,208.45553842948536,249.37720698278807
2015,USA,2.0,1.0,1.0,0.0,1.0,0.22360679774997896,0.04629507552766389,1.0,1.0,926.8575170089041,784.0642911858098,142.7932258230943
2015,CHN,2.0,1.0,1.0,0.0,1.0,0.22360679774997896,0.03054747494913289,1.0,1.0,954.3801558924628,255.54605269427185,698.8341031981909
2015,DEU,2.0,1.0,1.0,0.0,1.0,0.22360679774997896,0.10265309237045664,1.0,1.0,514.4388782511581,1400.2649491769434,-885.8260709257853
2015,JPN,2.0,1.0,1.0,0.0,1.0,0.22360679774997896,0.06933882141440637,1.0,1.0,377.2356477026,752.1598013153273,-374.9241536127273
2015,GBR,2.0,1.0,1.0,0.0,1.0,0.22360679774997896,0.04429391999859912,1.0,1.0,303.36998359386814,540.5224749246017,-237.1524913307336
2015,FRA,2.0,1.0,1.0,0.0,1.0,0.22360679774997896,0.031378495972354196,1.0,1.0,705.3018782006457,416.8653516157345,288.4365265849112
2015,ITA,2.0,1.0,1.0,0.0,1.0,0.22360679774997896,0.048723374995267396,1.0,1.0,736.6011957050379,650.073367825381,86.52782787965691
2015,BRA,2.0,1.0,1.0,0.0,1.0,0.22360679774997896,0.09238998225853104,1.0,1.0,385.69226655781233,759.5678102984058,-373.87554374059346
2015,CAN,2.0,1.0,1.0,0.0,1.0,0.22360679774997896,0.03304979649212612,1.0,1.0,411.8999725639537,345.3902026875655,66.50976987638825
2015,RUS,2.0,1.0,1.0,0.0,1.0,0.22360679774997896,0.04473255375341093,1.0,1.0,886.3430063681236,491.6310987096979,394.71190765842573
2015,IND,2.0,1.0,1.0,0.0,1.0,0.22360679774997896,0.03559531750818988,1.0,1.0,2167.068455339528,314.01557993995544,1853.0528753995727
2015,KOR,2.0,1.0,1.0,0.0,1.0,0.22360679774997896,0.04325768077711845,1.0,1.0,1540.1580976838752,452.33108832530047,1087.8270093585747
2015,ESP,2.0,1.0,1.0,0.0,1.0,0.22360679774997896,0.052222165834133215,1.0,1.0,190.46829139312496,504.1564116864452,-313.68812029332025
2015,AUS,2.0,1.0,1.0,0.0,1.0,0.22360679774997896,0.02916336657805884,1.0,1.0,359.8049278755658,247.78819235661075,112.01673551895504
2015,MEX,2.0,1.0,1.0,0.0,1.0,0.22360679774997896,0.07839959046616354,1.0,1.0,397.70598711829876,1402.099151530473,-1004.3931644121742
2015,IDN,2.0,1.0,1.0,0.0,1.0,0.22360679774997896,0.0514432855320775,1.0,1.0,411.4159191067144,537.1443656231645,-125.7284465164501
2015,NLD,2.0,1.0,1.0,0.0,1.0,0.22360679774997896,0.03653681721355284,1.0,1.0,433.42641219797883,322.95739964285735,110.46901255512148
2015,SAU,2.0,1.0,1.0,0.0,1.0,0.22360679774997896,0.059077054937311205,1.0,1.0,457.62072876781025,2163.6972196726188,-1706.0764909048085
2015,TUR,2.0,1.0,1.0,0.0,1.0,0.22360679774997896,0.032826293575538734,1.0,1.0,550.1998130562134,381.9785528275961,168.22126022861733
2015,CHE,2.0,1.0,1.0,0.0,1.0,0.22360679774997896,0.03807583984590727,1.0,1.0,356.26986800922305,344.0056403541393,12.264227655083744
2016,USA,2.0,1.0,1.0,0.0,1.0,0.22360679774997896,0.04048820351301656,1.0,1.0,1674.4030200644604,326.114515240248,1348.2885048242124
2016,CHN,2.0,1.0,1.0,0.0,1.0,0.22360679774997896,0.12455014203362454,1.0,1.0,693.0736656079351,1551.9625987311217,-858.8889331231866
2016,DEU,2.0,1.0,1.0,0.0,1.0,0.22360679774997896,0.07405798019689126,1.0,1.0,868.6432742172011,754.8791751414644,113.76409907573668
2016,JPN,2.0,1.0,1.0,0.0,1.0,0.22360679774997896,0.03677022413238884,1.0,1.0,236.96167293382226,384.30227041213357,-147.3405974783113
2016,GBR,2.0,1.0,1.0,0.0,1.0,0.22360679774997896,0.04325592059581692,1.0,1.0,758.3818364736586,303.95008469040636,454.43175178325225
2016,FRA,2.0,1.0,1.0,0.0,1.0,0.22360679774997896,0.02664267535560135,1.0,1.0,301.13401668340686,563.9422977618021,-262.8082810783953
2016,ITA,2.0,1.0,1.0,0.0,1.0,0.22360679774997896,0.040815061772832194,1.0,1.0,222.60663635213226,344.8957464585669,-122.28911010643466
2016,BRA,2.0,1.0,1.0,0.0,1.0,0.22360679774997896,0.06150166247750469,1.0,1.0,286.12459281477055,515.7928576539754,-229.66826483920482
2016,CAN,2.0,1.0,1.0,0.0,1.0,0.22360679774997896,0.04962861001595141,1.0,1.0,386.6863263875174,428.189561759458,-41.503235371940605
2016,RUS,2.0,1.0,1.0,0.0,1.0,0.22360679774997896,0.059327647789030304,1.0,1.0,516.959419070845,549.9859675052014,-33.026548434356414
2016,IND,2.0,1.0,1.0,0.0,1.0,0.22360679774997896,0.05248344604880867,1.0,1.0,600.724962056157,469.8138669853291,130.91109507082786
2016,KOR,2.0,1.0,1.0,0.0,1.0,0.22360679774997896,0.03551651350339398,1.0,1.0,399.722499902902,286.9217251335246,112.80077476937737
2016,ESP,2.0,1.0,1.0,0.0,1.0,0.22360679774997896,0.02760857539555541,1.0,1.0,212.6000857347508,220.38228375715534,-7.782198022404543
2016,AUS,2.0,1.0,1.0,0.0,1.0,0.22360679774997896,0.04165993794952354,1.0,1.0,304.2261134471002,455.2475081000543,-151.0213946529541
2016,MEX,2.0,1.0,1.0,0.0,1.0,0.22360679774997896,0.03556394087828467,1.0,1.0,559.4627820984006,665.7706807552589,-106.30789865685836
2016,IDN,2.0,1.0,1.0,0.0,1.0,0.22360679774997896,0.06445824333305115,1.0,1.0,520.4275261829714,569.1289771005306,-48.701450917559214
2016,NLD,2.0,1.0,1.0,0.0,1.0,0.22360679774997896,0.06069579441296436,1.0,1.0,417.993151453885,569.2780220337675,-151.28487057988247
2016,SAU,2.0,1.0,1.0,0.0,1.0,0.22360679774997896,0.04930765631877843,1.0,1.0,184.79088775432228,442.5364446324029,-257.7455568780806
2016,TUR,2.0,1.0,1.0,0.0,1.0,0.22360679774997896,0.039124674985787554,1.0,1.0,264.8471456240471,273.10551944497433,-8.258373820927261
2016,CHE,2.0,1.0,1.0,0.0,1.0,0.22360679774997896,0.036543089291194014,1.0,1.0,526.2842958844311,259.8538074473414,266.4304884370897
2017,USA,2.0,1.0,1.0,0.0,1.0,0.22360679774997896,0.0680743214817871,1.0,1.0,373.9985191351635,1100.1899051841615,-726.191386048998
2017,CHN,2.0,1.0,1.0,0.0,1.0,0.22360679774997896,0.0995136323715966,1.0,1.0,1190.0631658265038,1423.2901954897611,-233.22702966325733
2017,DEU,2.0,1.0,1.0,0.0,1.0,0.22360679774997896,0.07199649541919007,1.0,1.0,1093.5032832177303,786.0503876372944,307.4528955804359
2017,JPN,2.0,1.0,1.0,0.0,1.0,0.22360679774997896,0.028933799967991114,1.0,1.0,330.1589595797393,261.8659011379092,68.29305844183011
2017,GBR,2.0,1.0,1.0,0.0,1.0,0.22360679774997896,0.05102369290185927,1.0,1.0,946.2598189536654,379.50209764095547,566.7577213127099
2017,FRA,2.0,1.0,1.0,0.0,1.0,0.22360679774997896,0.030598236599506376,1.0,1.0,475.8964629280573,206.15194292012936,269.7445200079279
2017,ITA,2.0,1.0,1.0,0.0,1.0,0.22360679774997896,0.03807727425410252,1.0,1.0,132.9196931128929,349.5252156468897,-216.6055225339968
2017,BRA,2.0,1.0,1.0,0.0,1.0,0.22360679774997896,0.05618127382121155,1.0,1.0,126.74456261637353,568.1064332594044,-441.3618706430309
2017,CAN,2.0,1.0,1.0,0.0,1.0,0.22360679774997896,0.025583878102946225,1.0,1.0,242.0368013413765,163.75794495373302,78.27885638764349
2017,RUS,2.0,1.0,1.0,0.0,1.0,0.22360679774997896,0.05631551369230493,1.0,1.0,451.4690841835311,471.39173250589596,-19.922648322364864
2017,IND,2.0,1.0,1.0,0.0,1.0,0.22360679774997896,0.04114534487295419,1.0,1.0,484.36746041396646,378.01979020512675,106.3476702088397
2017,KOR,2.0,1.0,1.0,0.0,1.0,0.22360679774997896,0.039249688738158775,1.0,1.0,533.5527749254203,365.459019291418,168.09375563400232
2017,ESP,2.0,1.0,1.0,0.0,1.0,0.22360679774997896,0.026650015804466354,1.0,1.0,460.37377081994043,277.75174196308495,182.62202885685548
2017,AUS,2.0,1.0,1.0,0.0,1.0,0.22360679774997896,0.024199481756411276,1.0,1.0,1695.3302040362428,150.3494763995186,1544.9807276367242
2017,MEX,2.0,1.0,1.0,0.0,1.0,0.22360679774997896,0.05447975861934277,1.0,1.0,448.207880170066,586.3889350461587,-138.18105487609273
2017,IDN,2.0,1.0,1.0,0.0,1.0,0.22360679774997896,0.09712089620684618,1.0,1.0,309.9222425568588,1341.1380000951865,-1031.2157575383276
2017,NLD,2.0,1.0,1.0,0.0,1.0,0.22360679774997896,0.06366896685987541,1.0,1.0,1002.0815437011994,1786.0011191353979,-783.9195754341985
2017,SAU,2.0,1.0,1.0,0.0,1.0,0.22360679774997896,0.06266493351555225,1.0,1.0,384.25329011866035,469.02315974153106,-84.76986962287071
2017,TUR,2.0,1.0,1.0,0.0,1.0,0.22360679774997896,0.027533680109342727,1.0,1.0,600.0132575185296,234.1348884693462,365.8783690491834
2017,CHE,2.0,1.0,1.0,0.0,1.0,0.22360679774997896,0.0369891149045543,1.0,1.0,285.2619810407662,268.3168694737811,16.945111566985133
2018,USA,2.0,1.0,1.0,0.0,1.0,0.22360679774997896,0.10034865474332788,1.0,1.0,1134.1743993594137,1527.6722668417447,-393.497867482331
2018,CHN,2.0,1.0,1.0,0.0,1.0,0.22360679774997896,0.08866980889970938,1.0,1.0,561.4003819385498,1220.0368612405878,-658.636479302038
2018,DEU,2.0,1.0,1.0,0.0,1.0,0.22360679774997896,0.07942939586890481,1.0,1.0,595.2294298389166,883.6746967088029,-288.44526686988627
2018,JPN,2.0,1.0,1.0,0.0,1.0,0.22360679774997896,0.0805329035749715,1.0,1.0,210.03731629973908,1078.7284388227495,-868.6911225230103
2018,GBR,2.0,1.0,1.0,0.0,1.0,0.22360679774997896,0.037634186015012165,1.0,1.0,441.92867247503534,353.7954078273938,88.13326464764157
2018,FRA,2.0,1.0,1.0,0.0,1.0,0.22360679774997896,0.04337987332703789,1.0,1.0,303.3005616456346,338.9556292863444,-35.655067640709774
2018,ITA,2.0,1.0,1.0,0.0,1.0,0.22360679774997896,0.043039873791228464,1.0,1.0,532.595448188903,524.1816755177304,8.413772671172637
2018,BRA,2.0,1.0,1.0,0.0,1.0,0.22360679774997896,0.05829113293246585,1.0,1.0,390.9935876445638,590.4105749437674,-199.41698729920364
2018,CAN,2.0,1.0,1.0,0.0,1.0,0.22360679774997896,0.04359312595693272,1.0,1.0,414.50745524288305,502.6653163024863,-88.15786105960325
2018,RUS,2.0,1.0,1.0,0.0,1.0,0.22360679774997896,0.026035069975161966,1.0,1.0,206.79858385656112,362.33065227785863,-155.5320684212975
2018,IND,2.0,1.0,1.0,0.0,1.0,0.22360679774997896,0.034650158551654715,1.0,1.0,836.2740401496442,458.6331481225337,377.64089202711045
2018,KOR,2.0,1.0,1.0,0.0,1.0,0.22360679774997896,0.027706196689710694,1.0,1.0,1189.139888017795,218.84599500083766,970.2938930169574
2018,ESP,2.0,1.0,1.0,0.0,1.0,0.22360679774997896,0.05035438072764066,1.0,1.0,843.0200047681213,446.9937371676797,396.02626760044166
2018,AUS,2.0,1.0,1.0,0.0,1.0,0.22360679774997896,0.04007996403871563,1.0,1.0,1168.3624538924837,402.9043269484613,765.4581269440224
2018,MEX,2.0,1.0,1.0,0.0,1.0,0.22360679774997896,0.035824309343312856,1.0,1.0,388.093107153086,346.8850981579747,41.2080089951113
2018,IDN,2.0,1.0,1.0,0.0,1.0,0.22360679774997896,0.052517564616694955,1.0,1.0,383.3725591084871,637.8762029196766,-254.50364381118953
2018,NLD,2.0,1.0,1.0,0.0,1.0,0.22360679774997896,0.031536394280425255,1.0,1.0,524.3610753640532,294.8055535433008,229.55552182075246
2018,SAU,2.0,1.0,1.0,0.0,1.0,0.22360679774997896,0.05683959473437344,1.0,1.0,352.6636046411213,504.62069167169136,-151.95708703057005
2018,TUR,2.0,1.0,1.0,0.0,1.0,0.22360679774997896,0.036094303801414075,1.0,1.0,512.0607630826876,374.3291909180045,137.7315721646831
2018,CHE,2.0,1.0,1.0,0.0,1.0,0.22360679774997896,0.03344310813130489,1.0,1.0,382.6325353825272,302.60040383058055,80.03213155194663
2019,USA,2.0,1.0,1.0,0.0,1.0,0.22360679774997896,0.10844242759924559,1.0,1.0,1906.4738420842205,1347.0115557583176,559.4622863259028
2019,CHN,2.0,1.0,1.0,0.0,1.0,0.22360679774997896,0.04433602673817872,1.0,1.0,505.96512426757,620.0185060741021,-114.05338180653212
2019,DEU,2.0,1.0,1.0,0.0,1.0,0.22360679774997896,0.03652878390286425,1.0,1.0,1141.838447517845,393.373479742664,748.464967775181
2019,JPN,2.0,1.0,1.0,0.0,1.0,0.22360679774997896,0.06934663337401248,1.0,1.0,240.61248298524063,939.3162258557142,-698.7037428704735
2019,GBR,2.0,1.0,1.0,0.0,1.0,0.22360679774997896,0.04583143463927178,1.0,1.0,237.50373453189778,326.73055306203617,-89.22681853013839
2019,FRA,2.0,1.0,1.0,0.0,1.0,0.22360679774997896,0.03193173383786685,1.0,1.0,230.84818245390943,340.0225603084043,-109.17437785449488
2019,ITA,2.0,1.0,1.0,0.0,1.0,0.22360679774997896,0.04778592940214769,1.0,1.0,881.0824470100615,473.51236091136786,407.57008609869365
2019,BRA,2.0,1.0,1.0,0.0,1.0,0.22360679774997896,0.05615046459348377,1.0,1.0,602.4318442461506,482.30842546241126,120.12341878373934
2019,CAN,2.0,1.0,1.0,0.0,1.0,0.22360679774997896,0.04736110717794685,1.0,1.0,434.3677052787763,437.20261193384107,-2.834906655064742
2019,RUS,2.0,1.0,1.0,0.0,1.0,0.22360679774997896,0.04187394822460945,1.0,1.0,604.1507716577064,519.4879027879257,84.66286886978071
2019,IND,2.0,1.0,1.0,0.0,1.0,0.22360679774997896,0.030430115612786038,1.0,1.0,770.9133281806945,354.91515377160266,415.99817440909186
2019,KOR,2.0,1.0,1.0,0.0,1.0,0.22360679774997896,0.042477646552259773,1.0,1.0,345.15516845888106,610.3394740388371,-265.18430557995606
2019,ESP,2.0,1.0,1.0,0.0,1.0,0.22360679774997896,0.024257332553305644,1.0,1.0,345.22007022182476,188.70665294396298,156.51341727786178
2019,AUS,2.0,1.0,1.0,0.0,1.0,0.22360679774997896,0.04808564545436624,1.0,1.0,380.75313219452556,586.9853103516782,-206.23217815715265
2019,MEX,2.0,1.0,1.0,0.0,1.0,0.22360679774997896,0.0870838888788718,1.0,1.0,386.92842257747805,828.8557157257625,-441.92729314828443
2019,IDN,2.0,1.0,1.0,0.0,1.0,0.22360679774997896,0.034321630428498937,1.0,1.0,796.7154894082329,208.89103024596756,587.8244591622654
2019,NLD,2.0,1.0,1.0,0.0,1.0,0.22360679774997896,0.036150582074395095,1.0,1.0,554.6001586577971,315.0475059137493,239.5526527440478
2019,SAU,2.0,1.0,1.0,0.0,1.0,0.22360679774997896,0.08609222138030506,1.0,1.0,183.22343133986726,1469.1644028794865,-1285.940971539619
2019,TUR,2.0,1.0,1.0,0.0,1.0,0.22360679774997896,0.031240203460844163,1.0,1.0,463.3812807104382,292.9202987531102,170.460981957328
2019,CHE,2.0,1.0,1.0,0.0,1.0,0.22360679774997896,0.05027224411473979,1.0,1.0,463.6673915592125,741.0227288213885,-277.35533726217596
2020,USA,2.0,1.0,1.0,0.0,1.0,0.22360679774997896,0.09719336893178812,1.0,1.0,506.15421749178705,1032.3414372578561,-526.1872197660691
2020,CHN,2.0,1.0,1.0,0.0,1.0,0.22360679774997896,0.06550350868048982,1.0,1.0,1606.2524395867351,1139.6090669177038,466.64337266903135
2020,DEU,2.0,1.0,1.0,0.0,1.0,0.22360679774997896,0.07455129260345289,1.0,1.0,1881.8958987203837,1409.065291302585,472.8306074177988
2020,JPN,2.0,1.0,1.0,0.0,1.0,0.22360679774997896,0.029178346092351787,1.0,1.0,360.87897348936684,328.0516419430287,32.827331546338144
2020,GBR,2.0,1.0,1.0,0.0,1.0,0.22360679774997896,0.057939429511355146,1.0,1.0,371.641376069845,488.52831811790867,-116.88694204806364
2020,FRA,2.0,1.0,1.0,0.0,1.0,0.22360679774997896,0.05009838291760416,1.0,1.0,706.555540391934,532.4428918801608,174.11264851177316
2020,ITA,2.0,1.0,1.0,0.0,1.0,0.22360679774997896,0.03892297170893733,1.0,1.0,645.3831632442703,314.4918345836827,330.89132866058765
2020,BRA,2.0,1.0,1.0,0.0,1.0,0.22360679774997896,0.047450189927469695,1.0,1.0,362.2044055739567,492.79895726491606,-130.59455169095935
2020,CAN,2.0,1.0,1.0,0.0,1.0,0.22360679774997896,0.027158216553299468,1.0,1.0,699.2047008907197,210.5203928243581,488.68430806636155
2020,RUS,2.0,1.0,1.0,0.0,1.0,0.22360679774997896,0.03747209778194312,1.0,1.0,478.2955442922145,347.58267642523754,130.71286786697698
2020,IND,2.0,1.0,1.0,0.0,1.0,0.22360679774997896,0.035513592680917555,1.0,1.0,597.4600921114809,382.880723773287,214.5793683381939
2020,KOR,2.0,1.0,1.0,0.0,1.0,0.22360679774997896,0.03123233710477013,1.0,1.0,162.7687645140327,326.2532272134943,-163.4844626994616
2020,ESP,2.0,1.0,1.0,0.0,1.0,0.22360679774997896,0.10144249770248147,1.0,1.0,255.6774297545473,1284.159481955402,-1028.4820522008547
2020,AUS,2.0,1.0,1.0,0.0,1.0,0.22360679774997896,0.07220429535353465,1.0,1.0,429.9530995517226,818.7064095679732,-388.7533100162506
2020,MEX,2.0,1.0,1.0,0.0,1.0,0.22360679774997896,0.0244956259871192,1.0,1.0,564.4550200224882,236.3979216724991,328.057098349989
2020,IDN,2.0,1.0,1.0,0.0,1.0,0.22360679774997896,0.04569237186119612,1.0,1.0,608.7069049490639,845.5499453435591,-236.84304039449523
2020,NLD,2.0,1.0,1.0,0.0,1.0,0.22360679774997896,0.031254149934730885,1.0,1.0,330.96684559597173,389.9000934777582,-58.933247881786485
2020,SAU,2.0,1.0,1.0,0.0,1.0,0.22360679774997896,0.03652047643954697,1.0,1.0,270.27305754192264,222.55319099290438,47.71986654901826
2020,TUR,2.0,1.0,1.0,0.0,1.0,0.22360679774997896,0.045582389391306564,1.0,1.0,719.3323826831129,556.9572012432384,162.3751814398745
2020,CHE,2.0,1.0,1.0,0.0,1.0,0.22360679774997896,0.05059445883570473,1.0,1.0,332.535922409281,531.8050751272837,-199.26915271800266
2021,USA,2.0,1.0,1.0,0.0,1.0,0.22360679774997896,0.04054510437195282,1.0,1.0,867.6889293091734,642.3026363079679,225.38629300120556
2021,CHN,2.0,1.0,1.0,0.0,1.0,0.22360679774997896,0.07679532992188103,1.0,1.0,1855.0110411408834,971.8761385798074,883.134902561076
2021,DEU,2.0,1.0,1.0,0.0,1.0,0.22360679774997896,0.06980727253938541,1.0,1.0,646.4477438463422,759.18548257579,-112.73773872944787
2021,JPN,2.0,1.0,1.0,0.0,1.0,0.22360679774997896,0.0728400387333686,1.0,1.0,362.93299871606314,1292.8170669741394,-929.8840682580762
2021,GBR,2.0,1.0,1.0,0.0,1.0,0.22360679774997896,0.05626765633805514,1.0,1.0,2426.020011049737,574.7990658795748,1851.2209451701624
2021,FRA,2.0,1.0,1.0,0.0,1.0,0.22360679774997896,0.045162213776418825,1.0,1.0,241.1432695693356,418.28706086071736,-177.14379129138177
2021,ITA,2.0,1.0,1.0,0.0,1.0,0.22360679774997896,0.03915105684139645,1.0,1.0,853.7223568162533,350.7454851454725,502.9768716707808
2021,BRA,2.0,1.0,1.0,0.0,1.0,0.22360679774997896,0.048052093901655185,1.0,1.0,499.9768021508398,478.93499240831545,21.041809742524322
2021,CAN,2.0,1.0,1.0,0.0,1.0,0.22360679774997896,0.07790472203444081,1.0,1.0,667.7686664829497,931.4722739879489,-263.70360750499924
2021,RUS,2.0,1.0,1.0,0.0,1.0,0.22360679774997896,0.03634454861920791,1.0,1.0,191.07949811617763,424.7150855220787,-233.63558740590108
2021,IND,2.0,1.0,1.0,0.0,1.0,0.22360679774997896,0.03964310420036853,1.0,1.0,521.6422178840514,414.9454770154798,106.69674086857162
2021,KOR,2.0,1.0,1.0,0.0,1.0,0.22360679774997896,0.02881218899772167,1.0,1.0,467.6835412886563,263.67081748294834,204.01272380570794
2021,ESP,2.0,1.0,1.0,0.0,1.0,0.22360679774997896,0.03471601218484139,1.0,1.0,499.8626910248517,371.35017711676664,128.51251390808505
2021,AUS,2.0,1.0,1.0,0.0,1.0,0.22360679774997896,0.0751593314437138,1.0,1.0,398.1237737002573,2259.971848002974,-1861.848074302717
2021,MEX,2.0,1.0,1.0,0.0,1.0,0.22360679774997896,0.041984837160845605,1.0,1.0,418.3441632959073,382.404259346464,35.939903949443305
2021,IDN,2.0,1.0,1.0,0.0,1.0,0.22360679774997896,0.06723761498623837,1.0,1.0,708.3232922178825,714.5586438341721,-6.235351616289677
2021,NLD,2.0,1.0,1.0,0.0,1.0,0.22360679774997896,0.03468438743762139,1.0,1.0,209.33939695206305,399.519493178114,-190.18009622605092
2021,SAU,2.0,1.0,1.0,0.0,1.0,0.22360679774997896,0.04081360594789725,1.0,1.0,337.1133599795624,317.07879307838135,20.03456690118105
2021,TUR,2.0,1.0,1.0,0.0,1.0,0.22360679774997896,0.04852840532626937,1.0,1.0,391.05301215189223,613.731283504208,-222.6782713523158
2021,CHE,2.0,1.0,1.0,0.0,1.0,0.22360679774997896,0.02555047523672039,1.0,1.0,281.8020403872491,262.7127252788079,19.089315108441212
2022,USA,2.0,1.0,1.0,0.0,1.0,0.22360679774997896,0.04922157834883212,1.0,1.0,1006.6337050808693,501.1804988928748,505.45320618799445
2022,CHN,2.0,1.0,1.0,0.0,1.0,0.22360679774997896,0.05662692656814449,1.0,1.0,1206.145033830438,897.835985867836,308.309047962602
2022,DEU,2.0,1.0,1.0,0.0,1.0,0.22360679774997896,0.05605707267778238,1.0,1.0,1135.705521663819,999.3518931854743,136.3536284783446
2022,JPN,2.0,1.0,1.0,0.0,1.0,0.22360679774997896,0.07670514560876913,1.0,1.0,273.018604266774,1044.0275715195987,-771.0089672528247
2022,GBR,2.0,1.0,1.0,0.0,1.0,0.22360679774997896,0.0739908828547183,1.0,1.0,219.7368465020484,895.057409933375,-675.3205634313266
2022,FRA,2.0,1.0,1.0,0.0,1.0,0.22360679774997896,0.03474145592339115,1.0,1.0,190.10852727917703,200.9444884233942,-10.83596114421718
2022,ITA,2.0,1.0,1.0,0.0,1.0,0.22360679774997896,0.04510354526356284,1.0,1.0,637.3479506652603,465.84071874972284,171.5072319155375
2022,BRA,2.0,1.0,1.0,0.0,1.0,0.22360679774997896,0.07058902993453108,1.0,1.0,513.2123439575074,873.1189605320423,-359.90661657453484
2022,CAN,2.0,1.0,1.0,0.0,1.0,0.22360679774997896,0.034644580999017426,1.0,1.0,436.8839159542288,356.165173729191,80.71874222503783
2022,RUS,2.0,1.0,1.0,0.0,1.0,0.22360679774997896,0.05857736276051474,1.0,1.0,379.89531096275203,749.6707756113447,-369.7754646485926
2022,IND,2.0,1.0,1.0,0.0,1.0,0.22360679774997896,0.03560683835949085,1.0,1.0,229.2807915661532,223.8887593397809,5.392032226372294
2022,KOR,2.0,1.0,1.0,0.0,1.0,0.22360679774997896,0.035490456710193845,1.0,1.0,316.09625846238833,283.38065612158056,32.71560234080778
2022,ESP,2.0,1.0,1.0,0.0,1.0,0.22360679774997896,0.03749582994592795,1.0,1.0,1218.363322884808,227.35594263826982,991.0073802465381
2022,AUS,2.0,1.0,1.0,0.0,1.0,0.22360679774997896,0.03613820973043736,1.0,1.0,1236.881336578817,384.4676231473381,852.4137134314788
2022,MEX,2.0,1.0,1.0,0.0,1.0,0.22360679774997896,0.040574885506752256,1.0,1.0,343.51899979983637,444.8234790849906,-101.30447928515423
2022,IDN,2.0,1.0,1.0,0.0,1.0,0.22360679774997896,0.048680331431542864,1.0,1.0,348.34154030635005,325.98801047122106,22.353529835128995
2022,NLD,2.0,1.0,1.0,0.0,1.0,0.22360679774997896,0.06528400939774126,1.0,1.0,78.58224452465629,831.174497110367,-752.5922525857108
2022,SAU,2.0,1.0,1.0,0.0,1.0,0.22360679774997896,0.04777600253519089,1.0,1.0,174.4079950576102,429.94273837758766,-255.53474331997745
2022,TUR,2.0,1.0,1.0,0.0,1.0,0.22360679774997896,0.04721245846674026,1.0,1.0,532.2343979656695,363.38368692472284,168.85071104094663
2022,CHE,2.0,1.0,1.0,0.0,1.0,0.22360679774997896,0.049483396976718774,1.0,1.0,569.0909259821647,547.8867036306151,21.20422235154956
